sample,gene_pair,communication_score,z_score,p_value,fdr,Disease Label,Patient_ID,General Categorization
V11Y24-010_A,SLC38A2 - SLC38A2,3544.304830123325,104.83690577723752,0.0,0.0,Fibrotic,110748,Inflammatory
V11Y24-010_A,AQP1 - AQP1,3532.6009135285085,104.4907159148851,0.0,0.0,Fibrotic,110748,Inflammatory
V11Y24-010_A,SLC40A1 - SLC40A1,2389.203808560787,70.67020094656725,0.0,0.0,Fibrotic,110748,Inflammatory
V11Y24-010_A,LRP1 - LRP1,1364.2668060270662,40.35361444729225,0.0,0.0,Fibrotic,110748,Inflammatory
V11Y24-010_A,FABP4 - FABP4,1281.2809897541615,37.898979019913696,0.0,0.0,Fibrotic,110748,Inflammatory
V11Y24-010_A,FABP5 - FABP5,1062.4235624980038,31.42540053848718,4.551699108779051e-217,5.264798635821102e-215,Fibrotic,110748,Inflammatory
V11Y24-010_A,FABP5 - FABP4,2118.8894110159526,26.94401482277295,3.352059844056001e-160,3.3233279025355213e-158,Fibrotic,110748,Inflammatory
V11Y24-010_A,TAP1 - TAP1,889.629904452707,26.31434115853857,6.571567098397059e-153,5.7008344578594485e-151,Fibrotic,110748,Inflammatory
V11Y24-010_A,SLCO2B1 - SLCO2B1,752.4439360001675,22.256520757092588,4.876461635767488e-110,3.760293750247374e-108,Fibrotic,110748,Inflammatory
V11Y24-010_A,CD36 - FABP4,1675.1078373995874,21.30084286890507,5.5748409792484756e-101,3.868939639598442e-99,Fibrotic,110748,Inflammatory
V11Y24-010_A,CD36 - FABP5,1453.1258040110035,19.938953977054823,9.346639639159029e-89,5.896879917796696e-87,Fibrotic,110748,Inflammatory
V11Y24-010_A,FOLR2 - FOLR2,661.7413194014838,19.573630281846917,1.2976002735326917e-85,7.504454915264067e-84,Fibrotic,110748,Inflammatory
V11Y24-010_A,SLC44A2 - SLC44A2,631.4637550564928,18.678050947523797,3.734858332623886e-78,1.9938397560315208e-76,Fibrotic,110748,Inflammatory
V11Y24-010_A,SLC38A1 - SLC38A2,2232.4250401595077,17.76948706034497,6.089967684259809e-71,3.018883980625934e-69,Fibrotic,110748,Inflammatory
V11Y24-010_A,SLC3A2 - SLC38A2,2108.060483790384,16.77957952239297,1.7213252590371676e-63,7.963998198478629e-62,Fibrotic,110748,Inflammatory
V11Y24-010_A,CD36 - CD36,565.0295253872864,16.712994494980574,5.27033918159814e-63,2.2860096200181936e-61,Fibrotic,110748,Inflammatory
V11Y24-010_A,SLC40A1 - SLC3A2,1718.8891783955005,16.47759808172536,2.6577537872790293e-61,1.084988899042145e-59,Fibrotic,110748,Inflammatory
V11Y24-010_A,SLC3A2 - SLC38A1,692.3647026571269,14.254561606449068,2.099655261952283e-46,8.09533750997158e-45,Fibrotic,110748,Inflammatory
V11Y24-010_A,SLC39A1 - SLC40A1,1300.3014112826206,12.46493625622524,5.79822380807741e-36,2.117877538318801e-34,Fibrotic,110748,Inflammatory
V11Y24-010_A,SLC38A1 - SLC38A1,418.0373499998352,12.365116538741354,2.0181275822795304e-35,6.744614573064239e-34,Fibrotic,110748,Inflammatory
V11Y24-010_A,SLC44A1 - SLC44A2,716.0161485644901,12.364215758603924,2.0408776085641067e-35,6.744614573064239e-34,Fibrotic,110748,Inflammatory
V11Y24-010_A,SLC15A3 - SLC38A2,1531.1264567939493,12.18734392972404,1.8153126437492522e-34,5.7264862489180955e-33,Fibrotic,110748,Inflammatory
V11Y24-010_A,SLC39A1 - SLC39A7,470.38837014992464,10.916755647841294,4.792951818998421e-28,1.4462211140803933e-26,Fibrotic,110748,Inflammatory
V11Y24-010_A,SLC39A1 - SLC3A2,478.3357823043124,10.825799926215664,1.2990029395386931e-27,3.756283500166054e-26,Fibrotic,110748,Inflammatory
V11Y24-010_A,SLC15A3 - SLC38A1,481.7128433909164,9.917613327746508,1.7450072792353997e-23,4.844140207157469e-22,Fibrotic,110748,Inflammatory
V11Y24-010_A,AQP1 - AQP3,1165.922649660051,9.344501441933772,4.616169709762382e-21,1.232162222528882e-19,Fibrotic,110748,Inflammatory
V11Y24-010_A,SLC3A2 - SLC3A2,312.22505384174445,9.235297221813997,1.2878495750987436e-20,3.310250389327881e-19,Fibrotic,110748,Inflammatory
V11Y24-010_A,ORAI2 - ORAI1,365.87238729305466,9.199030673232512,1.8059660035244336e-20,4.476215737306989e-19,Fibrotic,110748,Inflammatory
V11Y24-010_A,SLC38A2 - SLC1A5,1129.9100340166606,8.993771959921403,1.1944391321017603e-19,2.8584164057883506e-18,Fibrotic,110748,Inflammatory
V11Y24-010_A,CD38 - CD38,302.48717877994136,8.94726085382213,1.8220618576809695e-19,4.215036430768643e-18,Fibrotic,110748,Inflammatory
V11Y24-010_A,SLC2A3 - SLC2A3,302.11551392328624,8.93626738812846,2.012686079150881e-19,4.505819803002295e-18,Fibrotic,110748,Inflammatory
V11Y24-010_A,ABCA1 - ABCA1,300.48368362371093,8.887999519657603,3.1109475204559826e-19,6.746867434988913e-18,Fibrotic,110748,Inflammatory
V11Y24-010_A,SLC38A2 - SLC7A6,1087.7955559249021,8.658552339982357,2.3889662224755006e-18,5.02406835878181e-17,Fibrotic,110748,Inflammatory
V11Y24-010_A,SLC39A7 - SLC39A7,292.17700911591527,8.642296597805462,2.754709023733098e-18,5.622847242561088e-17,Fibrotic,110748,Inflammatory
V11Y24-010_A,SLC3A2 - SLC1A5,372.6989774926801,8.435004681447882,1.6559477522557064e-17,3.283507828758458e-16,Fibrotic,110748,Inflammatory
V11Y24-010_A,SLC38A1 - SLC7A6,399.72954665251393,8.229722611231912,9.382373287062136e-17,1.8087130725614227e-15,Fibrotic,110748,Inflammatory
V11Y24-010_A,SLC1A4 - SLC38A2,1028.1690513659005,8.183941823546348,1.3735336780892512e-16,2.5763037097133522e-15,Fibrotic,110748,Inflammatory
V11Y24-010_A,SLC38A2 - SLC7A7,1022.9128575134337,8.14210397144924,1.9423371713986145e-16,3.5473210446069434e-15,Fibrotic,110748,Inflammatory
V11Y24-010_A,FABP5 - CPT1A,590.2498673118539,8.099068165198346,2.7690873967920777e-16,4.927555521471031e-15,Fibrotic,110748,Inflammatory
V11Y24-010_A,SLC38A1 - SLC1A5,386.6090880384325,7.959595632052402,8.63012117430085e-16,1.4973260237411976e-14,Fibrotic,110748,Inflammatory
V11Y24-010_A,SLC38A2 - SLC43A2,995.7586110199923,7.925963665271637,1.131918926682154e-15,1.9159798417497925e-14,Fibrotic,110748,Inflammatory
V11Y24-010_A,SLC3A2 - SLC7A6,347.7172696167746,7.869613211094398,1.7786968395551393e-15,2.9390847777411113e-14,Fibrotic,110748,Inflammatory
V11Y24-010_A,FABP4 - CPT1A,607.8868478236325,7.729951432658967,5.379381096450469e-15,8.68207088589913e-14,Fibrotic,110748,Inflammatory
V11Y24-010_A,SLC30A5 - SLC39A7,322.8680760595247,7.493110196808367,3.363019140148918e-14,5.304398371053066e-13,Fibrotic,110748,Inflammatory
V11Y24-010_A,CD36 - CPT1A,408.8259043638059,7.443320223670166,4.9092845657417166e-14,7.571207752499447e-13,Fibrotic,110748,Inflammatory
V11Y24-010_A,SLC1A4 - SLC3A2,324.64971924035353,7.347543371451578,1.0094140019019749e-13,1.5228985159129796e-12,Fibrotic,110748,Inflammatory
V11Y24-010_A,ORAI2 - ORAI2,246.35562596444555,7.286947027642735,1.585287472058537e-13,2.3408287353374998e-12,Fibrotic,110748,Inflammatory
V11Y24-010_A,SLC38A1 - SLC7A7,343.8446890698592,7.079152482190999,7.251936395040593e-13,1.0485091371162858e-11,Fibrotic,110748,Inflammatory
V11Y24-010_A,SLC4A7 - SLC29A1,201.6328340752976,7.02290297995964,1.0865255757069388e-12,1.511590595670916e-11,Fibrotic,110748,Inflammatory
V11Y24-010_A,SLC39A1 - SLC30A5,256.5746792388712,7.022579852860166,1.0890422159012365e-12,1.511590595670916e-11,Fibrotic,110748,Inflammatory
V11Y24-010_A,SLC1A4 - SLC38A1,336.85550256870545,6.9352575245518935,2.0274091177711653e-12,2.7588665249670367e-11,Fibrotic,110748,Inflammatory
V11Y24-010_A,SLC38A2 - SLC7A5,865.1098901578521,6.886035912694312,2.868425698375714e-12,3.8282450666783566e-11,Fibrotic,110748,Inflammatory
V11Y24-010_A,FABP5 - SLC27A1,499.35161115514603,6.851814733251573,3.645947821364145e-12,4.774127901937201e-11,Fibrotic,110748,Inflammatory
V11Y24-010_A,SLC7A6 - SLC1A5,191.15379440228008,6.817508593931633,4.631643236755075e-12,5.95251927094078e-11,Fibrotic,110748,Inflammatory
V11Y24-010_A,SLC3A2 - SLC7A7,299.0190970653336,6.767465530913469,6.552893002452206e-12,8.268559534003328e-11,Fibrotic,110748,Inflammatory
V11Y24-010_A,SLC3A2 - SLC43A2,297.2779690489409,6.728059941265559,8.597004796237885e-12,1.0654145229623378e-10,Fibrotic,110748,Inflammatory
V11Y24-010_A,SLC38A1 - SLC43A2,325.44439543260364,6.700323061479032,1.0397963329907358e-11,1.265997640518545e-10,Fibrotic,110748,Inflammatory
V11Y24-010_A,SLC25A32 - FOLR2,394.6964486056488,6.56483461819136,2.6045321702069597e-11,3.116457458833845e-10,Fibrotic,110748,Inflammatory
V11Y24-010_A,SLC4A7 - SLC1A5,187.63540248331967,6.53537025995446,3.172618332679777e-11,3.7318595303046864e-10,Fibrotic,110748,Inflammatory
V11Y24-010_A,SLC39A7 - SLC39A6,272.1710453626713,6.316535410292577,1.3374608967540705e-10,1.5469964372455415e-09,Fibrotic,110748,Inflammatory
V11Y24-010_A,SLC40A1 - SLC11A2,656.3915209290074,6.292293768593381,1.5640438531749422e-10,1.7779984358431487e-09,Fibrotic,110748,Inflammatory
V11Y24-010_A,FABP4 - SLC27A1,494.64008930566285,6.289894049637674,1.5884135882172222e-10,1.7779984358431487e-09,Fibrotic,110748,Inflammatory
V11Y24-010_A,CD36 - SLC27A1,340.4445450090459,6.198329753216984,2.853274306931832e-10,3.1431307444614152e-09,Fibrotic,110748,Inflammatory
V11Y24-010_A,SLC29A1 - SLC1A5,174.77001352326636,6.181998720295871,3.1647519542821556e-10,3.4317779004247126e-09,Fibrotic,110748,Inflammatory
V11Y24-010_A,SLC38A2 - SLC15A4,764.9688337665929,6.088940747686391,5.683008584651732e-10,6.067704550382003e-09,Fibrotic,110748,Inflammatory
V11Y24-010_A,SLC7A7 - SLC7A6,169.8010498025685,6.055962006442996,6.979047340913502e-10,7.338574022112076e-09,Fibrotic,110748,Inflammatory
V11Y24-010_A,SLC44A1 - SLC44A1,204.09370868107987,6.036882811228412,7.855986993950967e-10,8.137395483286524e-09,Fibrotic,110748,Inflammatory
V11Y24-010_A,SLC1A4 - SLC1A5,165.48958803685042,6.031312419849211,8.131671323565566e-10,8.299088086109563e-09,Fibrotic,110748,Inflammatory
V11Y24-010_A,SLC7A7 - SLC1A5,165.29576022344438,6.024248313205549,8.494867946941118e-10,8.544113558227733e-09,Fibrotic,110748,Inflammatory
V11Y24-010_A,SLC43A2 - SLC1A5,164.77301663019574,6.005196782751228,9.554999298415508e-10,9.473099304429089e-09,Fibrotic,110748,Inflammatory
V11Y24-010_A,SLC38A1 - SLC15A4,290.30353238194016,5.976834998992494,1.1375721343051486e-09,1.111936705926441e-08,Fibrotic,110748,Inflammatory
V11Y24-010_A,SLC3A2 - SLC7A5,262.15690432888226,5.933192331689283,1.4855023493148045e-09,1.431859208922881e-08,Fibrotic,110748,Inflammatory
V11Y24-010_A,SLC43A3 - SLC3A2,259.8809366793169,5.881682134618016,2.0305885771715047e-09,1.9304499624068824e-08,Fibrotic,110748,Inflammatory
V11Y24-010_A,SLC12A7 - SLC12A6,165.1197661201628,5.801162615243384,3.2928346980698038e-09,3.0881449735951946e-08,Fibrotic,110748,Inflammatory
V11Y24-010_A,SLC7A5 - SLC1A5,158.88506770084086,5.7906089048894,3.506585353325936e-09,3.244760313610933e-08,Fibrotic,110748,Inflammatory
V11Y24-010_A,CPT1A - SLC27A1,159.8082920600276,5.75907013109827,4.228927969808468e-09,3.861678961904048e-08,Fibrotic,110748,Inflammatory
V11Y24-010_A,SLCO2A1 - SLC16A3,181.4588334876935,5.756143775056444,4.302854949089689e-09,3.8781575774912264e-08,Fibrotic,110748,Inflammatory
V11Y24-010_A,SLCO2B1 - SLCO3A1,362.29780344254453,5.7138276025446775,5.523145437828055e-09,4.914183248529064e-08,Fibrotic,110748,Inflammatory
V11Y24-010_A,SLC39A1 - SLC39A6,206.9949557562894,5.665557529877922,7.327362206546303e-09,6.436948571320423e-08,Fibrotic,110748,Inflammatory
V11Y24-010_A,SLC38A2 - SLC38A5,710.337699056362,5.654091996278349,7.833614203965827e-09,6.795660321940355e-08,Fibrotic,110748,Inflammatory
V11Y24-010_A,CD36 - GOT2,308.9212051962488,5.624397646073843,9.307819504105455e-09,7.974847822036031e-08,Fibrotic,110748,Inflammatory
V11Y24-010_A,SLC39A1 - SLC39A1,189.753681276299,5.612719491781166,9.958566381366882e-09,8.428347644717824e-08,Fibrotic,110748,Inflammatory
V11Y24-010_A,MSR1 - FABP5,404.59348743375756,5.5515984253327,1.41534631157146e-08,1.1834341448561365e-07,Fibrotic,110748,Inflammatory
V11Y24-010_A,SLC38A1 - SLC7A5,268.95089159090935,5.537221985145863,1.5365347672826974e-08,1.2694703910645144e-07,Fibrotic,110748,Inflammatory
V11Y24-010_A,SLC12A2 - SLC1A5,151.2536929679984,5.512481406037526,1.7690478979316536e-08,1.444375577840668e-07,Fibrotic,110748,Inflammatory
V11Y24-010_A,SLC43A3 - SLC1A5,150.41601773206472,5.481952107401759,2.1032906162754225e-08,1.6973066135990037e-07,Fibrotic,110748,Inflammatory
V11Y24-010_A,SLCO2A1 - SLC27A1,172.69180142762508,5.478040493731726,2.1503086386727002e-08,1.715303672688338e-07,Fibrotic,110748,Inflammatory
V11Y24-010_A,SLCO2B1 - ABCC1,342.96363754272363,5.408906927506431,3.170528530722197e-08,2.5003940912740964e-07,Fibrotic,110748,Inflammatory
V11Y24-010_A,SLC15A3 - SLC15A3,178.83396426041128,5.289725449570388,6.125005077251508e-08,4.776127554620839e-07,Fibrotic,110748,Inflammatory
V11Y24-010_A,CD36 - MSR1,289.3922746264664,5.268842671926806,6.864328218090724e-08,5.293159759283291e-07,Fibrotic,110748,Inflammatory
V11Y24-010_A,SLC39A1 - SLC11A2,191.38042636770808,5.238179895337236,8.108397553252655e-08,6.183766925227848e-07,Fibrotic,110748,Inflammatory
V11Y24-010_A,SLC3A2 - SLC11A2,230.85885279368912,5.224847991719271,8.714911876190562e-08,6.574074828343751e-07,Fibrotic,110748,Inflammatory
V11Y24-010_A,SLC30A1 - SLC39A7,223.89141063815686,5.196063458814331,1.0177639931222985e-07,7.594927002439518e-07,Fibrotic,110748,Inflammatory
V11Y24-010_A,SLC15A3 - SLC15A4,183.48219886867318,5.190782959484824,1.0470580787653002e-07,7.730407517692749e-07,Fibrotic,110748,Inflammatory
V11Y24-010_A,MSR1 - FABP4,403.2795013563221,5.128143453723371,1.463067213317902e-07,1.0688091010974991e-06,Fibrotic,110748,Inflammatory
V11Y24-010_A,SLC12A7 - SLC12A2,140.66976900455438,5.090437457205102,1.7861919473104844e-07,1.2912679285765376e-06,Fibrotic,110748,Inflammatory
V11Y24-010_A,SLC15A3 - SLC7A5,175.15694831989794,4.955258374819502,3.6117118458676667e-07,2.584049506218722e-06,Fibrotic,110748,Inflammatory
V11Y24-010_A,SLC30A5 - SLC39A6,135.22000483045503,4.9347611375414555,4.012445500720487e-07,2.8414665076530793e-06,Fibrotic,110748,Inflammatory
V11Y24-010_A,SLC7A5 - SLC43A2,124.38437833205793,4.925208857490265,4.213514786794125e-07,2.9537164262981038e-06,Fibrotic,110748,Inflammatory
V11Y24-010_A,SLC1A3 - SLC3A2,215.83806049067056,4.884894138753558,5.174221929924873e-07,3.5909100193678616e-06,Fibrotic,110748,Inflammatory
V11Y24-010_A,SLC43A3 - SLC7A5,114.04396280780345,4.863319579095963,5.771662259565986e-07,3.965874859543361e-06,Fibrotic,110748,Inflammatory
V11Y24-010_A,SLC4A7 - SLC12A2,138.79817985742886,4.83436219802225,6.678659697303181e-07,4.5441076764004e-06,Fibrotic,110748,Inflammatory
V11Y24-010_A,SLC7A7 - SLC7A5,127.63634290887904,4.826639243001778,6.942816025484578e-07,4.677975069598347e-06,Fibrotic,110748,Inflammatory
V11Y24-010_A,SLC12A2 - SLC29A1,135.98731680724137,4.810169671165702,7.540111539075033e-07,5.0315744308827625e-06,Fibrotic,110748,Inflammatory
V11Y24-010_A,SLC43A3 - SLC43A2,120.74846980122663,4.781238938267222,8.710907056419483e-07,5.757494759195354e-06,Fibrotic,110748,Inflammatory
V11Y24-010_A,SLC38A2 - SLC7A8,599.751719588477,4.773858126893981,9.036486090585389e-07,5.916340893270057e-06,Fibrotic,110748,Inflammatory
V11Y24-010_A,SLC12A2 - SLC12A6,133.5159767225312,4.69082479281609,1.3605295480610516e-06,8.824369218265137e-06,Fibrotic,110748,Inflammatory
V11Y24-010_A,SLC3A2 - SLC38A5,206.79445263157515,4.680217229946781,1.4328555651372614e-06,9.207423724122772e-06,Fibrotic,110748,Inflammatory
V11Y24-010_A,ORAI2 - ORAI3,182.82727903504022,4.5967769259391185,2.1453828585165297e-06,1.3659593612940106e-05,Fibrotic,110748,Inflammatory
V11Y24-010_A,SLC30A1 - SLC30A5,125.65266431967441,4.585607621377753,2.2633401354157077e-06,1.4279618672531828e-05,Fibrotic,110748,Inflammatory
V11Y24-010_A,SLC39A8 - SLC39A7,196.05669113627405,4.5500763328328615,2.681322908603496e-06,1.6764307194331768e-05,Fibrotic,110748,Inflammatory
V11Y24-010_A,SLC39A1 - SLC39A8,165.5609686763738,4.531488167483095,2.928480914642111e-06,1.8146122810371653e-05,Fibrotic,110748,Inflammatory
V11Y24-010_A,SLC30A6 - SLC39A7,194.81861146148435,4.521343026186845,3.072425934801286e-06,1.8869589369487545e-05,Fibrotic,110748,Inflammatory
V11Y24-010_A,MSR1 - CPT1A,125.03810553022211,4.506044145304604,3.3023676211290583e-06,2.010388709704883e-05,Fibrotic,110748,Inflammatory
V11Y24-010_A,SLC38A1 - SLC38A5,216.06295971831094,4.448353242671886,4.326557013966919e-06,2.6109831023417754e-05,Fibrotic,110748,Inflammatory
V11Y24-010_A,ORAI1 - ORAI1,149.36477823036466,4.418057117629429,4.979605252800112e-06,2.9791776253821364e-05,Fibrotic,110748,Inflammatory
V11Y24-010_A,SLC7A6 - SLC7A5,123.69196862993604,4.41147957209921,5.133332089971149e-06,3.0448995473845964e-05,Fibrotic,110748,Inflammatory
V11Y24-010_A,SLC15A4 - SLC7A5,97.69144580013563,4.402913180475757,5.3403457957726776e-06,3.1408474425985065e-05,Fibrotic,110748,Inflammatory
V11Y24-010_A,ORAI1 - ORAI3,148.6479824804991,4.393569088125845,5.57523655052119e-06,3.251440475682106e-05,Fibrotic,110748,Inflammatory
V11Y24-010_A,SLC39A1 - SLC30A1,159.29147470260713,4.359888919270407,6.506424160690739e-06,3.7628819729328104e-05,Fibrotic,110748,Inflammatory
V11Y24-010_A,SLC12A7 - SLC12A4,118.80193995053143,4.29910313631948,8.574533012613192e-06,4.917955298143434e-05,Fibrotic,110748,Inflammatory
V11Y24-010_A,SLC4A7 - ABCC5,122.48400880855277,4.266137082305544,9.944330167141431e-06,5.656856668849306e-05,Fibrotic,110748,Inflammatory
V11Y24-010_A,SLC39A1 - SLC30A6,153.7360150505233,4.2078331546804035,1.2891555805532582e-05,7.27377213743058e-05,Fibrotic,110748,Inflammatory
V11Y24-010_A,SLCO2A1 - SLCO2A1,141.57351849532787,4.18759963671924,1.4096013366718213e-05,7.889220384276162e-05,Fibrotic,110748,Inflammatory
V11Y24-010_A,SLC7A7 - SLC38A5,109.42239394417376,4.137868640213201,1.7527347826189705e-05,9.731183513100525e-05,Fibrotic,110748,Inflammatory
V11Y24-010_A,SLC39A10 - SLC39A6,94.45991586979324,4.082024590704328,2.2322535790878753e-05,0.00012295110983230045,Fibrotic,110748,Inflammatory
V11Y24-010_A,SLC39A10 - SLC39A7,175.50899011694696,4.0732060584223815,2.3185182075828355e-05,0.00012669697921751874,Fibrotic,110748,Inflammatory
V11Y24-010_A,SLC30A1 - SLC39A6,94.2068490316394,4.071088469843711,2.3396986060038517e-05,0.00012685553379427134,Fibrotic,110748,Inflammatory
V11Y24-010_A,SLCO3A1 - ABCC1,86.37062947749669,4.0626393565339605,2.426048157508368e-05,0.0001305176295589773,Fibrotic,110748,Inflammatory
V11Y24-010_A,SLC1A3 - SLC1A5,111.29679605272045,4.056241581631851,2.4934340124224418e-05,0.00013311101574009035,Fibrotic,110748,Inflammatory
V11Y24-010_A,SLC39A8 - SLC30A5,110.58015591856866,4.035546786841445,2.723764114369565e-05,0.00014429712178415862,Fibrotic,110748,Inflammatory
V11Y24-010_A,MSR1 - SLC27A1,98.10395438003876,4.030677826232218,2.7808116603228906e-05,0.00014620327971697622,Fibrotic,110748,Inflammatory
V11Y24-010_A,SLC1A5 - SLC38A5,108.06646412889305,3.938511268301944,4.099437215444178e-05,0.00021267519584098149,Fibrotic,110748,Inflammatory
V11Y24-010_A,SLC16A1 - SLCO2B1,249.7041113301577,3.938103488980744,4.106408680503101e-05,0.00021267519584098149,Fibrotic,110748,Inflammatory
V11Y24-010_A,SLC30A6 - SLC30A5,107.6024963628007,3.926879147943955,4.302759627141639e-05,0.00022119371712861464,Fibrotic,110748,Inflammatory
V11Y24-010_A,SLC7A1 - SLC7A5,87.08503057832726,3.9248864198396287,4.338533438756924e-05,0.00022139280930127245,Fibrotic,110748,Inflammatory
V11Y24-010_A,SLC39A8 - SLC39A6,90.42377822282165,3.9076054947873247,4.660767252835823e-05,0.00023610018054511395,Fibrotic,110748,Inflammatory
V11Y24-010_A,SLC39A1 - SLC39A10,141.54551530135245,3.874172958012586,5.349370583589751e-05,0.0002690190713776295,Fibrotic,110748,Inflammatory
V11Y24-010_A,SLC7A2 - SLC7A5,85.74543383145812,3.864511346822699,5.5655907876108345e-05,0.0002778791371656057,Fibrotic,110748,Inflammatory
V11Y24-010_A,SLC7A8 - SLC43A2,96.17181621472238,3.8080849654381175,7.002357859401431e-05,0.0003471168824588995,Fibrotic,110748,Inflammatory
V11Y24-010_A,SLC7A5 - SLC38A5,84.34346747832058,3.80132530136851,7.196209903094051e-05,0.0003541964306912958,Fibrotic,110748,Inflammatory
V11Y24-010_A,SLC30A6 - SLC39A6,87.82990286348297,3.7955128372346993,7.366928526072379e-05,0.00035918836756146394,Fibrotic,110748,Inflammatory
V11Y24-010_A,SLC40A1 - SLC11A1,395.81556684068585,3.7943631892424707,7.401143596727571e-05,0.00035918836756146394,Fibrotic,110748,Inflammatory
V11Y24-010_A,SLC4A7 - SLC7A8,108.73955659433673,3.787415673385189,7.611116113026673e-05,0.0003668135126694799,Fibrotic,110748,Inflammatory
V11Y24-010_A,SLC43A3 - SLC7A8,88.54024945420744,3.7757327797734503,7.976897715925738e-05,0.00038179082861051464,Fibrotic,110748,Inflammatory
V11Y24-010_A,SLC43A1 - SLC38A2,471.8417927542074,3.7557304187363862,8.64183300612655e-05,0.0004107830209761524,Fibrotic,110748,Inflammatory
V11Y24-010_A,SLC39A1 - SLC39A3,136.13920646713018,3.726199527391232,9.719427446229319e-05,0.00045886276514851344,Fibrotic,110748,Inflammatory
V11Y24-010_A,SLC3A2 - SLC7A8,164.4021161541153,3.7207846094161523,9.930238823965586e-05,0.00046564768539406195,Fibrotic,110748,Inflammatory
V11Y24-010_A,SLC38A1 - SLC7A8,180.1207100874404,3.7083660514251693,0.00010430047907024599,0.0004858022313741659,Fibrotic,110748,Inflammatory
V11Y24-010_A,SLC2A1 - SLC2A3,161.58420735326166,3.681164192615308,0.00011608571324604768,0.000537089899951714,Fibrotic,110748,Inflammatory
V11Y24-010_A,SLC7A6 - SLC38A5,103.04487345723228,3.6751000028639726,0.00011887813440380597,0.0005463670548095453,Fibrotic,110748,Inflammatory
V11Y24-010_A,SLC29A1 - SLC5A3,101.77930151536083,3.600157138151195,0.000159012464211578,0.00072601743528181,Fibrotic,110748,Inflammatory
V11Y24-010_A,SLC4A2 - SLC4A2,120.87110934947498,3.575243583554907,0.0001749509841307708,0.0007935685162533002,Fibrotic,110748,Inflammatory
V11Y24-010_A,SLC39A10 - SLC30A5,97.38337666625804,3.553939398373519,0.00018975332600490344,0.0008551221314766428,Fibrotic,110748,Inflammatory
V11Y24-010_A,SLC30A6 - SLC39A10,66.63127071355385,3.463771969416858,0.0002663289185029691,0.0011911921651992343,Fibrotic,110748,Inflammatory
V11Y24-010_A,SLC12A2 - SLC12A4,80.92132572901328,3.462329272997676,0.0002677607748862832,0.0011911921651992343,Fibrotic,110748,Inflammatory
V11Y24-010_A,SLC29A1 - SLC7A8,97.59192887534445,3.4520405832563985,0.00027818201921606746,0.0012296708365347186,Fibrotic,110748,Inflammatory
V11Y24-010_A,SLC16A1 - SLC3A2,152.12023323831966,3.4428183520663698,0.0002878429244526922,0.0012643227187985342,Fibrotic,110748,Inflammatory
V11Y24-010_A,SLC39A7 - SLC39A3,148.1240032091425,3.4376563096125845,0.00029338597314661625,0.0012805651909669918,Fibrotic,110748,Inflammatory
V11Y24-010_A,ABCC5 - ABCC1,71.38622599151421,3.433765863596767,0.0002976290642274609,0.0012909660660866118,Fibrotic,110748,Inflammatory
V11Y24-010_A,SLCO2A1 - SLC16A7,107.60120714350202,3.4132701438843616,0.0003209414007532835,0.001383436845483098,Fibrotic,110748,Inflammatory
V11Y24-010_A,SLC38A9 - SLC38A2,425.3795945527763,3.3859041469093496,0.00035472079623368206,0.0015196063739887368,Fibrotic,110748,Inflammatory
V11Y24-010_A,SLC43A1 - SLC1A5,92.66216667787114,3.3770975163098145,0.00036627537100763255,0.001559479186989552,Fibrotic,110748,Inflammatory
V11Y24-010_A,SLC11A1 - SLC3A2,149.0041162557082,3.372293711743784,0.0003727245298663619,0.0015751272370129615,Fibrotic,110748,Inflammatory
V11Y24-010_A,SLC12A2 - SLC7A8,78.78660160822719,3.3709921903858184,0.0003744899050535139,0.0015751272370129615,Fibrotic,110748,Inflammatory
V11Y24-010_A,SLC7A8 - SLC1A5,92.31605029676281,3.364483211972873,0.00038343574762975607,0.0016030386075605463,Fibrotic,110748,Inflammatory
V11Y24-010_A,SLC43A1 - SLC3A2,147.9583099506171,3.3486247949716565,0.00040606848315322103,0.0016874941754990143,Fibrotic,110748,Inflammatory
V11Y24-010_A,SLC4A7 - SLC5A3,95.74266979504196,3.3347320841693606,0.00042690809118016876,0.0017635369957085542,Fibrotic,110748,Inflammatory
V11Y24-010_A,SLC12A6 - SLC12A4,94.4778369480251,3.3192954941147836,0.00045122439359943583,0.0018529569772663223,Fibrotic,110748,Inflammatory
V11Y24-010_A,SLC1A5 - SLC5A3,90.78781575591171,3.3087862942633106,0.00046850664786374154,0.0019126094918672744,Fibrotic,110748,Inflammatory
V11Y24-010_A,SLC16A7 - SLC16A3,82.915139428074,3.286302492630972,0.0005075596720166769,0.0020599205402314254,Fibrotic,110748,Inflammatory
V11Y24-010_A,SLC43A1 - SLC38A1,158.2371989455837,3.2578233583331304,0.0005613513367928272,0.00225535223235696,Fibrotic,110748,Inflammatory
V11Y24-010_A,SCARB1 - SCARB1,110.12511132200123,3.2573879710483933,0.0005622131645500779,0.00225535223235696,Fibrotic,110748,Inflammatory
V11Y24-010_A,SLC4A7 - SLC4A7,110.04492090745417,3.2550160207402095,0.0005669298476026302,0.0022612029553806053,Fibrotic,110748,Inflammatory
V11Y24-010_A,SLC16A1 - SLC1A5,88.80518873030783,3.236528920580136,0.0006049648274380249,0.0023991176585256534,Fibrotic,110748,Inflammatory
V11Y24-010_A,SLC30A6 - SLC39A8,62.1888155071204,3.2328345783893737,0.000612842571912466,0.0024083508453398026,Fibrotic,110748,Inflammatory
V11Y24-010_A,SLC39A6 - SLC39A3,74.79428109332339,3.232186815493785,0.0006142335729468948,0.0024083508453398026,Fibrotic,110748,Inflammatory
V11Y24-010_A,SLC39A1 - SLC11A1,117.88456566904797,3.226560696817222,0.000626438278237815,0.0024424054218935036,Fibrotic,110748,Inflammatory
V11Y24-010_A,SLC7A2 - SLC7A8,61.471942829424464,3.2175839226231178,0.0006463760070656593,0.0025060611670590367,Fibrotic,110748,Inflammatory
V11Y24-010_A,SLCO2B1 - ABCC4,203.57440020534145,3.210588129467428,0.0006623182164723853,0.0025536046790657525,Fibrotic,110748,Inflammatory
V11Y24-010_A,SLC7A8 - SLC38A5,63.45470301928742,3.1988223192433987,0.000689950929223081,0.0026454472092862884,Fibrotic,110748,Inflammatory
V11Y24-010_A,SLC43A1 - SLC43A2,80.28005469348551,3.178823914692921,0.0007393694656749029,0.00281827728333674,Fibrotic,110748,Inflammatory
V11Y24-010_A,SLC30A1 - SLC30A6,64.78357831701116,3.1773459848491883,0.0007431480444533479,0.00281827728333674,Fibrotic,110748,Inflammatory
V11Y24-010_A,FOLR2 - ABCC4,188.14888228485586,3.1294081823161237,0.0008757940211153552,0.0033032665796416116,Fibrotic,110748,Inflammatory
V11Y24-010_A,SLCO2B1 - SLCO4A1,198.0284049532568,3.12312179526988,0.0008947184062922199,0.0033564031025232464,Fibrotic,110748,Inflammatory
V11Y24-010_A,SLC30A1 - SLC39A10,63.4314535478725,3.111030286984908,0.0009321790818490191,0.00347813055270548,Fibrotic,110748,Inflammatory
V11Y24-010_A,SLC30A1 - SLC39A8,63.254701514568694,3.1023613869654674,0.0009599171628548626,0.003562473320969383,Fibrotic,110748,Inflammatory
V11Y24-010_A,SLC7A1 - SLC7A8,58.685503564148604,3.0971520953964853,0.0009769479791000217,0.0036063930717841228,Fibrotic,110748,Inflammatory
V11Y24-010_A,SLC30A5 - SLC39A3,84.62456284241998,3.0883152571974626,0.0010064740301591207,0.0036957300366689404,Fibrotic,110748,Inflammatory
V11Y24-010_A,SLC7A7 - SLC7A8,81.5979385441163,3.0856713953818655,0.001015465676742753,0.0037091219982077405,Fibrotic,110748,Inflammatory
V11Y24-010_A,SLC39A10 - SLC39A8,57.49460826188039,3.0601057601966044,0.0011062942225696826,0.004019728745881464,Fibrotic,110748,Inflammatory
V11Y24-010_A,SLC38A2 - SLC38A7,383.59291363410165,3.053293701979875,0.0011317214504499504,0.004088215570803099,Fibrotic,110748,Inflammatory
V11Y24-010_A,SLC7A8 - SLC7A5,67.71566470187449,3.0519170864819594,0.0011369245031195938,0.004088215570803099,Fibrotic,110748,Inflammatory
V11Y24-010_A,SLC30A6 - SLC39A3,58.206080444133136,3.0257953620416234,0.001239900363142166,0.004435519855776614,Fibrotic,110748,Inflammatory
V11Y24-010_A,SLC7A6 - SLC7A6,101.83308269696576,3.012118259403768,0.0012971575385857252,0.004616550419376889,Fibrotic,110748,Inflammatory
V11Y24-010_A,SLC39A8 - SLC39A3,56.30321717266244,3.0072158968575216,0.0013182622033643882,0.004667724332320843,Fibrotic,110748,Inflammatory
V11Y24-010_A,AQP3 - AQP3,101.35734693301374,2.9980464828916547,0.0013585811368490926,0.0047860675582399505,Fibrotic,110748,Inflammatory
V11Y24-010_A,SLC39A10 - SLC39A3,56.25727513751058,2.994249668023236,0.0013756035758488373,0.004821560008278248,Fibrotic,110748,Inflammatory
V11Y24-010_A,SLC41A1 - SLC40A1,308.4466966398379,2.956828608119662,0.0015541041796169695,0.005419840706804909,Fibrotic,110748,Inflammatory
V11Y24-010_A,SLC7A8 - SLC7A6,82.781492777209,2.952405628106015,0.0015765421710704245,0.005470601333614373,Fibrotic,110748,Inflammatory
V11Y24-010_A,SLC20A1 - SLC20A1,99.62347487123495,2.9467603236353797,0.0016056099770287056,0.005543747880885183,Fibrotic,110748,Inflammatory
V11Y24-010_A,SLC38A9 - SLC3A2,127.51919967731078,2.886042385972817,0.0019505980698771325,0.006701559705419456,Fibrotic,110748,Inflammatory
V11Y24-010_A,SLC1A5 - SLC1A5,96.39768720141969,2.8513448291430423,0.0021767364506784194,0.00744165072300898,Fibrotic,110748,Inflammatory
V11Y24-010_A,SLC41A1 - SLC39A7,121.49964865818978,2.8197592880055153,0.0024029843028205073,0.008174858363516824,Fibrotic,110748,Inflammatory
V11Y24-010_A,CPT1A - CPT1A,95.18204271467383,2.815387310638304,0.0024359239830470648,0.008246493874315428,Fibrotic,110748,Inflammatory
V11Y24-010_A,SLC12A2 - SLC5A3,65.67843144166332,2.8101412543159863,0.002475988049520623,0.008341435467802487,Fibrotic,110748,Inflammatory
V11Y24-010_A,SLC16A1 - SLCO2A1,87.6414966217422,2.7801184738139804,0.0027169534969831563,0.009109013173460436,Fibrotic,110748,Inflammatory
V11Y24-010_A,SLC3A2 - SLC38A7,122.70691176210939,2.7771296345446324,0.002742065063010575,0.00914900554677567,Fibrotic,110748,Inflammatory
V11Y24-010_A,SLC29A1 - SLC29A1,93.72198740109772,2.7722003702718885,0.0027839376067723127,0.009244271287559737,Fibrotic,110748,Inflammatory
V11Y24-010_A,SLC16A1 - SLCO3A1,58.85001582368851,2.7681445864679692,0.002818821928778668,0.009315535326535219,Fibrotic,110748,Inflammatory
V11Y24-010_A,SLC7A2 - SLC7A1,52.609963620320485,2.7537273969727756,0.002946041122849856,0.009673285617986683,Fibrotic,110748,Inflammatory
V11Y24-010_A,SLC27A3 - SLC27A4,70.44735016071797,2.752738752310094,0.0029549518026126464,0.009673285617986683,Fibrotic,110748,Inflammatory
V11Y24-010_A,SLC2A8 - SLC2A3,120.56443512723736,2.7466637288567837,0.0030102413695793956,0.009808016481164791,Fibrotic,110748,Inflammatory
V11Y24-010_A,SLC30A5 - SLC30A5,92.75388466464395,2.743564883137234,0.003038801816274543,0.009854805890161368,Fibrotic,110748,Inflammatory
V11Y24-010_A,SLC16A1 - SLC16A3,69.10560813334368,2.7389682249812717,0.0030816164893420514,0.009903586893651601,Fibrotic,110748,Inflammatory
V11Y24-010_A,SLC41A1 - SLC3A2,121.01713809507069,2.738886307750588,0.003082384393413179,0.009903586893651601,Fibrotic,110748,Inflammatory
V11Y24-010_A,SLC39A7 - SLC39A4,116.84725687193034,2.7117867539642706,0.0033460814854617575,0.010701292861338524,Fibrotic,110748,Inflammatory
V11Y24-010_A,SLC43A3 - SLC43A1,63.45078631777949,2.705811371429971,0.0034068868557081866,0.010845777421382942,Fibrotic,110748,Inflammatory
V11Y24-010_A,SLC43A1 - SLC7A6,75.32366230930776,2.6864217721957218,0.0036110928910847856,0.0114433719927527,Fibrotic,110748,Inflammatory
V11Y24-010_A,SLC1A4 - SLC43A1,69.85679508828892,2.681615497398542,0.0036633808971269373,0.01155630155730043,Fibrotic,110748,Inflammatory
V11Y24-010_A,SLC11A1 - SLC39A8,50.13922319815342,2.677990293080163,0.003703268238005605,0.011629267679528914,Fibrotic,110748,Inflammatory
V11Y24-010_A,LRP1 - SLC46A1,214.8879006980331,2.6642098664877216,0.0038584701132780425,0.012062064227995321,Fibrotic,110748,Inflammatory
V11Y24-010_A,SLC43A1 - SLC7A5,58.93976297753597,2.656390814389502,0.003949101139590587,0.012290027761775192,Fibrotic,110748,Inflammatory
V11Y24-010_A,SLC40A1 - SLC46A1,276.46130523825036,2.6502105721075893,0.004022080856264038,0.012444460519313544,Fibrotic,110748,Inflammatory
V11Y24-010_A,SLC38A9 - SLC38A1,128.67361386375006,2.6491615602385643,0.00403458734415785,0.012444460519313544,Fibrotic,110748,Inflammatory
V11Y24-010_A,ABCC5 - ABCC4,53.8419171265017,2.6169273241062863,0.004436261491038088,0.013597078530751403,Fibrotic,110748,Inflammatory
V11Y24-010_A,SLC25A32 - ABCC4,60.98335044700974,2.6160666688278833,0.0044474594041506756,0.013597078530751403,Fibrotic,110748,Inflammatory
V11Y24-010_A,ABCC1 - SLCO4A1,53.897359323452235,2.5925297214182312,0.004763647439048621,0.014499874222367292,Fibrotic,110748,Inflammatory
V11Y24-010_A,SLC39A1 - SLC39A4,94.64444169943135,2.5904666486782872,0.004792295416072224,0.014523375627747262,Fibrotic,110748,Inflammatory
V11Y24-010_A,SLC39A4 - SLC39A6,59.77797740942195,2.5832668970845476,0.00489347891743625,0.014765540733481556,Fibrotic,110748,Inflammatory
V11Y24-010_A,FOLR2 - SLC46A1,154.39495755607163,2.567992100813087,0.005114474347879919,0.01536556362523231,Fibrotic,110748,Inflammatory
V11Y24-010_A,SLC2A3 - SLC2A10,112.44790391450343,2.5617552866397815,0.005207233535794797,0.015524331859578175,Fibrotic,110748,Inflammatory
V11Y24-010_A,AQP1 - AQP7,319.3733410409213,2.5596763616713805,0.005238484052120876,0.015524331859578175,Fibrotic,110748,Inflammatory
V11Y24-010_A,SLC11A1 - SLC11A2,55.566102176358505,2.5577095970892576,0.005268202042733463,0.015524331859578175,Fibrotic,110748,Inflammatory
V11Y24-010_A,SLC1A4 - SLC1A4,86.45335490098003,2.5572016675452693,0.005275901228785482,0.015524331859578175,Fibrotic,110748,Inflammatory
V11Y24-010_A,SLC38A9 - SLC1A5,70.15962576821117,2.5569863777385122,0.005279167606427161,0.015524331859578175,Fibrotic,110748,Inflammatory
V11Y24-010_A,SLC7A8 - SLC5A3,46.05724929694732,2.552528550285404,0.005347207214090802,0.01565806669442623,Fibrotic,110748,Inflammatory
V11Y24-010_A,SLC43A1 - SLC7A7,67.37368081257863,2.547773183909096,0.005420646641708691,0.015806423400612737,Fibrotic,110748,Inflammatory
V11Y24-010_A,SLC16A4 - SLCO2B1,160.7773509277186,2.535632446196977,0.005612223721024664,0.01629658268782894,Fibrotic,110748,Inflammatory
V11Y24-010_A,SLC2A6 - SLC2A3,110.98624935450476,2.5284562995891675,0.005728267387846677,0.016564239863189972,Fibrotic,110748,Inflammatory
V11Y24-010_A,SLC31A2 - SLC31A1,42.99093294344682,2.5188198041365126,0.005887444979967228,0.01693067357838343,Fibrotic,110748,Inflammatory
V11Y24-010_A,SLC7A7 - SLC38A7,66.58223025300708,2.517844041137817,0.0059037795475054625,0.01693067357838343,Fibrotic,110748,Inflammatory
V11Y24-010_A,SLC38A9 - SLC7A5,55.39065730615111,2.4964340852055433,0.006272449055051395,0.01790373335336207,Fibrotic,110748,Inflammatory
V11Y24-010_A,SLC12A6 - SLC12A6,84.35649728930355,2.495178767597366,0.006294684349020671,0.01790373335336207,Fibrotic,110748,Inflammatory
V11Y24-010_A,TCN2 - TCN2,83.90143614230078,2.481718525073714,0.00653752560255482,0.018518541910910388,Fibrotic,110748,Inflammatory
V11Y24-010_A,SLC38A9 - SLC7A6,69.46361203207013,2.4774228179721773,0.006616751364432894,0.018666770109416374,Fibrotic,110748,Inflammatory
V11Y24-010_A,SLC2A3 - SLC2A11,108.40659791315899,2.469687434296845,0.006761557682379754,0.018998060856564976,Fibrotic,110748,Inflammatory
V11Y24-010_A,SLC12A7 - SLC12A7,82.8966274742595,2.451997314087488,0.007103286118333129,0.0198017832154984,Fibrotic,110748,Inflammatory
V11Y24-010_A,ABCC4 - SLCO3A1,52.12731413214319,2.45192699445163,0.007104674381353173,0.0198017832154984,Fibrotic,110748,Inflammatory
V11Y24-010_A,SLC38A9 - SLC43A1,37.29573166064682,2.43364438743665,0.007473836217622798,0.02065893024114107,Fibrotic,110748,Inflammatory
V11Y24-010_A,SLC4A7 - ABCC4,69.83922049608746,2.4325109151462345,0.0074972697809558685,0.02065893024114107,Fibrotic,110748,Inflammatory
V11Y24-010_A,SLC16A1 - ABCC1,50.566390123707166,2.432305978365384,0.007501513574593011,0.02065893024114107,Fibrotic,110748,Inflammatory
V11Y24-010_A,ABCC4 - ABCC1,50.53270206135453,2.430685540852257,0.00753514388148756,0.02066952511364572,Fibrotic,110748,Inflammatory
V11Y24-010_A,SLC41A1 - SLC30A5,66.55299215566765,2.428805705847163,0.007574324005607234,0.020679739556778206,Fibrotic,110748,Inflammatory
V11Y24-010_A,CD36 - ABCB1,133.32699133584651,2.4274281066301775,0.007603150172981962,0.020679739556778206,Fibrotic,110748,Inflammatory
V11Y24-010_A,SLCO3A1 - SLCO4A1,51.58104099879583,2.426231792918656,0.007628261277428271,0.020679739556778206,Fibrotic,110748,Inflammatory
V11Y24-010_A,SLC43A1 - SLC38A5,48.07689308613884,2.423609777151969,0.007683553990857691,0.020748585485039835,Fibrotic,110748,Inflammatory
V11Y24-010_A,SLC30A1 - SLC39A3,49.12785903795981,2.4095026812915346,0.007987139342480073,0.02148478567318283,Fibrotic,110748,Inflammatory
V11Y24-010_A,SLC43A1 - SLC7A8,43.07699232393523,2.387360392678894,0.008484923318460964,0.022735663254872238,Fibrotic,110748,Inflammatory
V11Y24-010_A,SLC16A1 - SLC1A3,47.46088326480684,2.3791885195939604,0.008675399917515458,0.023156644395214337,Fibrotic,110748,Inflammatory
V11Y24-010_A,SLC7A7 - SLC7A7,80.31790339488293,2.3757212976914355,0.008757343158431437,0.023285809011308112,Fibrotic,110748,Inflammatory
V11Y24-010_A,SLC6A6 - SLC6A6,79.40997004039119,2.3488655592324075,0.009415352273672887,0.024939902587515203,Fibrotic,110748,Inflammatory
V11Y24-010_A,SLC41A1 - SLC39A10,44.0263777668807,2.343269678286475,0.00955778029636786,0.025176848408015623,Fibrotic,110748,Inflammatory
V11Y24-010_A,SLC41A1 - SLC39A4,32.432785945386186,2.3425061088634704,0.009577360201320065,0.025176848408015623,Fibrotic,110748,Inflammatory
V11Y24-010_A,SLC38A1 - SLC38A7,112.39719540958778,2.3140589637358966,0.010332243996781214,0.026987674671998207,Fibrotic,110748,Inflammatory
V11Y24-010_A,ABCB1 - SLCO2B1,146.7008767938876,2.3136312480441292,0.010343979052956085,0.026987674671998207,Fibrotic,110748,Inflammatory
V11Y24-010_A,SLC38A7 - SLC7A6,64.60973900936885,2.3043092203604094,0.01060264587319199,0.027558937213465324,Fibrotic,110748,Inflammatory
V11Y24-010_A,SLC41A1 - SLC39A8,43.0097794499727,2.297198969743662,0.010803710941500696,0.027976773855975683,Fibrotic,110748,Inflammatory
V11Y24-010_A,SLC38A9 - SLC7A7,60.69528024392478,2.295225754779428,0.010860094974000596,0.028018237590916033,Fibrotic,110748,Inflammatory
V11Y24-010_A,SLC39A1 - SLC46A1,83.14654094641836,2.275763239839096,0.011430092008676219,0.029379569829708505,Fibrotic,110748,Inflammatory
V11Y24-010_A,SLC39A10 - SLC39A4,42.64259342634272,2.2696188341575363,0.011615359938290309,0.029745608107651193,Fibrotic,110748,Inflammatory
V11Y24-010_A,SLC27A3 - SLC27A3,76.6101845980792,2.2660507741954414,0.011724137340665458,0.029913791597139076,Fibrotic,110748,Inflammatory
V11Y24-010_A,SLC38A7 - SLC1A5,62.00471335338456,2.259778407655379,0.01191750357925163,0.030295778329672642,Fibrotic,110748,Inflammatory
V11Y24-010_A,SLCO2A1 - SLC16A2,71.10469294400411,2.2555464939362513,0.012049523686521211,0.030519596490677814,Fibrotic,110748,Inflammatory
V11Y24-010_A,SLC20A1 - SLC20A2,61.32060881632425,2.2458331441314243,0.012357348737569971,0.03118545463226749,Fibrotic,110748,Inflammatory
V11Y24-010_A,SLC41A1 - SLC31A2,38.245766066827485,2.24080256923528,0.012519433231346083,0.03148002413968907,Fibrotic,110748,Inflammatory
V11Y24-010_A,SLC36A1 - SLC38A2,279.5960955570906,2.225507738333607,0.01302358611266791,0.03262949011621491,Fibrotic,110748,Inflammatory
V11Y24-010_A,SLC3A2 - SLC46A1,98.02471105043571,2.218516675764801,0.013259811929193245,0.03310183265777019,Fibrotic,110748,Inflammatory
V11Y24-010_A,SLC41A1 - SLC39A6,51.14209531665288,2.210072799455889,0.01355005514015351,0.033705155079808376,Fibrotic,110748,Inflammatory
V11Y24-010_A,SLC30A6 - SLC39A4,42.24585460378334,2.196116109352227,0.014041816916695286,0.03480364621495188,Fibrotic,110748,Inflammatory
V11Y24-010_A,SLC2A5 - SLC2A8,33.220727190348256,2.164358094016747,0.015218438681846106,0.03758575247402562,Fibrotic,110748,Inflammatory
V11Y24-010_A,SLC38A2 - SLC38A6,269.655762864934,2.1463854341257216,0.015921120229437927,0.03918176396890043,Fibrotic,110748,Inflammatory
V11Y24-010_A,SLC39A8 - SLC39A4,40.0365698628792,2.1383966208907084,0.016242283251774615,0.03983089956442255,Fibrotic,110748,Inflammatory
V11Y24-010_A,SLC30A5 - SLC39A4,58.04499786781381,2.118312301984558,0.017074313729692016,0.04172385115636006,Fibrotic,110748,Inflammatory
V11Y24-010_A,SLC26A2 - SLC26A11,38.805130310345206,2.1034634109462966,0.01771264022966577,0.04313183269960718,Fibrotic,110748,Inflammatory
V11Y24-010_A,SLC16A1 - ABCC4,34.39066616396157,2.0851451786490403,0.01852806218202049,0.04491309978131837,Fibrotic,110748,Inflammatory
V11Y24-010_A,SLC39A1 - SLC41A1,76.14557291687393,2.0841431735853084,0.01857357296432042,0.04491309978131837,Fibrotic,110748,Inflammatory
V11Y24-010_A,SLC16A3 - SLC16A3,69.97319565474649,2.06973544076727,0.019238562980347707,0.04635959273736565,Fibrotic,110748,Inflammatory
V11Y24-010_A,SLC16A1 - SLC16A7,35.13289224782482,2.0669432301308444,0.019369751796779678,0.04651421365731868,Fibrotic,110748,Inflammatory
V11Y24-010_A,SLC43A3 - SLC16A2,48.005939373777956,2.0471774140543375,0.020320334101294097,0.04862866160792449,Fibrotic,110748,Inflammatory
V11Y24-010_A,SLC35F5 - SLC35F5,68.99557390033156,2.0408183908334445,0.020634440937751068,0.04921065983092523,Fibrotic,110748,Inflammatory
V11Y24-010_A,SLC39A4 - SLC39A3,34.59189489544038,2.020675441988507,0.02165668681998839,0.05147171456531487,Fibrotic,110748,Inflammatory
V11Y24-010_A,SLC41A1 - SLC30A6,38.74439005865089,2.0140953462262186,0.021999762021169017,0.052086044385138267,Fibrotic,110748,Inflammatory
V11Y24-010_A,SLC15A2 - SLC15A3,71.14955977647826,2.0128487926337266,0.022065269523387103,0.052086044385138267,Fibrotic,110748,Inflammatory
V11Y24-010_A,SLC43A2 - SLC43A2,67.79493844823611,2.005304824197089,0.0224652347045915,0.052850416559276275,Fibrotic,110748,Inflammatory
V11Y24-010_A,SLC38A9 - SLC38A5,39.473751147903805,1.9899158011628242,0.023300105718287112,0.05444702342651834,Fibrotic,110748,Inflammatory
V11Y24-010_A,SLC38A7 - SLC7A5,44.15178882233663,1.9899029168342828,0.023300815500973987,0.05444702342651834,Fibrotic,110748,Inflammatory
V11Y24-010_A,SLC26A6 - SLC26A2,36.66395774843869,1.9873994239303379,0.023439075739676213,0.0545863039038097,Fibrotic,110748,Inflammatory
V11Y24-010_A,SLC7A5 - SLC16A2,44.004470768107325,1.9832633528747603,0.02366901031157361,0.05493743530512404,Fibrotic,110748,Inflammatory
V11Y24-010_A,SLC35F5 - SLC29A3,50.476474299265014,1.9783171200075327,0.023946471481583267,0.05539617069406263,Fibrotic,110748,Inflammatory
V11Y24-010_A,SLC40A1 - SLC41A2,205.70243731379065,1.9719026270511895,0.02431036167937702,0.05605113290859685,Fibrotic,110748,Inflammatory
V11Y24-010_A,SLC41A1 - SLC41A3,44.6949248617929,1.968696639547399,0.02449396871796788,0.05628746453731692,Fibrotic,110748,Inflammatory
V11Y24-010_A,SLC2A3 - SLC2A4,84.3314888761962,1.9212153356193895,0.02735228278779073,0.06264846288688702,Fibrotic,110748,Inflammatory
V11Y24-010_A,SLC41A1 - SLC31A1,32.03365779535223,1.8975745793719216,0.028876072870119954,0.06592103477586594,Fibrotic,110748,Inflammatory
V11Y24-010_A,SLC39A7 - SLC30A4,81.32573804123024,1.8874046775295343,0.029552958236061244,0.06724509185516886,Fibrotic,110748,Inflammatory
V11Y24-010_A,SLC2A1 - SLC2A11,32.66653475451815,1.8640155559863372,0.031159759913548857,0.0706695208496827,Fibrotic,110748,Inflammatory
V11Y24-010_A,SLC11A2 - SLC46A1,40.392943185664905,1.8592885661253493,0.031493123401510344,0.07119292391090612,Fibrotic,110748,Inflammatory
V11Y24-010_A,SLC16A4 - SLC16A3,46.47072279504769,1.8418452071494702,0.03274889764038794,0.07379134728061439,Fibrotic,110748,Inflammatory
V11Y24-010_A,SLC36A1 - SLC38A1,88.81364457506837,1.828515467686301,0.03373611321482801,0.075569876633327,Fibrotic,110748,Inflammatory
V11Y24-010_A,SLC38A9 - SLC7A8,32.96798640012698,1.8271114279793221,0.03384150867096722,0.075569876633327,Fibrotic,110748,Inflammatory
V11Y24-010_A,SLC2A1 - SLC2A6,32.01434723995589,1.8268004769551587,0.03386488707919985,0.075569876633327,Fibrotic,110748,Inflammatory
V11Y24-010_A,AQP1 - ATP7A,227.39287374618564,1.8224819950330724,0.03419094161963007,0.07599170950512864,Fibrotic,110748,Inflammatory
V11Y24-010_A,ABCB1 - ABCC1,37.86575879003139,1.8213898847636931,0.03427380584488178,0.07599170950512864,Fibrotic,110748,Inflammatory
V11Y24-010_A,SLC41A3 - SLC41A3,61.528896934439075,1.819961735703388,0.0343824161161533,0.07599170950512864,Fibrotic,110748,Inflammatory
V11Y24-010_A,TAP1 - ATP7A,123.77246963970268,1.8172331021694583,0.03459071419440268,0.07620938301877923,Fibrotic,110748,Inflammatory
V11Y24-010_A,SLC38A9 - SLC38A7,25.11683732094758,1.815393252986329,0.03473174860298207,0.0762779542103467,Fibrotic,110748,Inflammatory
V11Y24-010_A,SLC2A1 - SLC2A8,31.07506707417749,1.7732033368361506,0.03809750966980625,0.08327246493502705,Fibrotic,110748,Inflammatory
V11Y24-010_A,SLC2A8 - SLC2A11,26.45845987087062,1.7724909595989766,0.03815654733334092,0.08327246493502705,Fibrotic,110748,Inflammatory
V11Y24-010_A,FOLR2 - SLC19A1,106.01889299686829,1.7633715767824254,0.038918920194255295,0.08467000192731403,Fibrotic,110748,Inflammatory
V11Y24-010_A,SLC2A8 - SLC2A6,26.263123206282835,1.7594050704826092,0.03925436565858291,0.08513290552205169,Fibrotic,110748,Inflammatory
V11Y24-010_A,SLC25A32 - SLC46A1,40.933846786869154,1.7559821069372974,0.039545731918096114,0.08549762601607072,Fibrotic,110748,Inflammatory
V11Y24-010_A,SLC36A4 - SLC7A1,33.18109154316759,1.751146040489037,0.03996037867123174,0.08597781031896393,Fibrotic,110748,Inflammatory
V11Y24-010_A,SLC16A3 - SLC16A2,44.16616045775268,1.7505049645144592,0.040015609125396756,0.08597781031896393,Fibrotic,110748,Inflammatory
V11Y24-010_A,SLC39A6 - SLC39A6,58.492025190535344,1.7301341807574122,0.04180315228569687,0.08954132001936306,Fibrotic,110748,Inflammatory
V11Y24-010_A,SLC38A1 - SLC38A6,83.8000167090263,1.725293759511356,0.042237273006324946,0.0901928229735062,Fibrotic,110748,Inflammatory
V11Y24-010_A,SLC36A4 - SLC7A5,38.15143177523309,1.7194692988867832,0.04276447663076232,0.09094561773425645,Fibrotic,110748,Inflammatory
V11Y24-010_A,SLC43A1 - SLC38A7,26.32521874387778,1.7177896234083196,0.04291749744765432,0.09094561773425645,Fibrotic,110748,Inflammatory
V11Y24-010_A,SLC41A1 - SLC39A3,29.394527051676466,1.7170727166501267,0.04298294325192524,0.09094561773425645,Fibrotic,110748,Inflammatory
V11Y24-010_A,SLC2A8 - SLC2A10,25.558942141096963,1.7122309500668973,0.0434270579404677,0.09130193928020158,Fibrotic,110748,Inflammatory
V11Y24-010_A,SLC30A4 - SLC39A6,39.59690960581938,1.711155014680037,0.04352625028273874,0.09130193928020158,Fibrotic,110748,Inflammatory
V11Y24-010_A,SLC2A6 - SLC2A11,24.28646171628677,1.710940747150144,0.0435460257950241,0.09130193928020158,Fibrotic,110748,Inflammatory
V11Y24-010_A,SLC3A2 - SLC38A6,75.24293875157522,1.7029146280067227,0.04429202305942334,0.09258633735915602,Fibrotic,110748,Inflammatory
V11Y24-010_A,SLC2A1 - SLC2A10,29.764122421681613,1.6983983033775147,0.04471630605489428,0.0931011258713373,Fibrotic,110748,Inflammatory
V11Y24-010_A,CLCN3 - CLCN3,57.386763900541965,1.6974416841263502,0.04480659371905859,0.0931011258713373,Fibrotic,110748,Inflammatory
V11Y24-010_A,SLC7A5 - SLC7A5,57.24266631112353,1.6931794250576058,0.04521065984541117,0.09350657942250669,Fibrotic,110748,Inflammatory
V11Y24-010_A,SLC16A1 - SLCO4A1,27.8996334762042,1.6915864889510246,0.04536242219800133,0.09350657942250669,Fibrotic,110748,Inflammatory
V11Y24-010_A,SLC7A8 - SLC38A7,30.491086137573305,1.6898396904594541,0.04552931409597679,0.09350657942250669,Fibrotic,110748,Inflammatory
V11Y24-010_A,SLC39A4 - SLC30A4,23.3947567853999,1.6897210365294089,0.04554066836427559,0.09350657942250669,Fibrotic,110748,Inflammatory
V11Y24-010_A,AQP7 - AQP3,47.44525417680819,1.675934026719371,0.046875557915885886,0.09576778724998795,Fibrotic,110748,Inflammatory
V11Y24-010_A,SLC41A1 - SLC11A2,36.40017967964872,1.6755015244172062,0.046917936116708796,0.09576778724998795,Fibrotic,110748,Inflammatory
V11Y24-010_A,SLC27A1 - SLC27A1,56.41303359918129,1.6686397393871224,0.04759439913927021,0.09686367449458512,Fibrotic,110748,Inflammatory
V11Y24-010_A,AQP1 - AQP9,207.7064024336504,1.6647011511492944,0.04798619661083953,0.09710637780662347,Fibrotic,110748,Inflammatory
V11Y24-010_A,SLC39A1 - SLC30A4,60.81830376290106,1.6646279982010497,0.04799349796494503,0.09710637780662347,Fibrotic,110748,Inflammatory
V11Y24-010_A,SLC38A7 - SLC38A5,32.93894809925219,1.6604890944058357,0.04840805000430674,0.09766042646217697,Fibrotic,110748,Inflammatory
V11Y24-010_A,SLC36A4 - SLC7A8,29.625065667341605,1.6418441629552851,0.05031115201308175,0.10103550288793749,Fibrotic,110748,Inflammatory
V11Y24-010_A,SLC2A10 - SLC2A11,23.07720914773344,1.6412557649712267,0.05037216714585932,0.10103550288793749,Fibrotic,110748,Inflammatory
V11Y24-010_A,SLC22A3 - SLCO2B1,102.9603959827112,1.623796630686008,0.052209609699342935,0.10432013828382104,Fibrotic,110748,Inflammatory
V11Y24-010_A,SLC36A1 - SLC1A5,44.51355528936067,1.6223084609321936,0.05236865898472184,0.10432013828382104,Fibrotic,110748,Inflammatory
V11Y24-010_A,SLC15A4 - SLC15A4,54.8176142691081,1.6214488700915355,0.05246070354618667,0.10432013828382104,Fibrotic,110748,Inflammatory
V11Y24-010_A,SLC16A1 - SLC16A2,26.700935667162376,1.6189080783245988,0.052733521241790794,0.10456303926229375,Fibrotic,110748,Inflammatory
V11Y24-010_A,SLC30A1 - SLC39A4,32.804853319538736,1.60893194982768,0.05381561118550638,0.10640465573430606,Fibrotic,110748,Inflammatory
V11Y24-010_A,SLC41A1 - SLC11A1,27.043730003512415,1.6045387401485942,0.05429767614580492,0.10705280467383128,Fibrotic,110748,Inflammatory
V11Y24-010_A,SLC41A1 - SLC30A1,32.61710808691285,1.5997238823427475,0.05482992566654604,0.10732415778873532,Fibrotic,110748,Inflammatory
V11Y24-010_A,SLC39A8 - SLC30A4,29.93172999717421,1.598686163739389,0.054945176753806196,0.10732415778873532,Fibrotic,110748,Inflammatory
V11Y24-010_A,GOT2 - GOT2,54.01695627300792,1.5977662268314112,0.05504750677839234,0.10732415778873532,Fibrotic,110748,Inflammatory
V11Y24-010_A,SLC39A1 - SLC41A2,58.3282398766643,1.596473679420665,0.05519153882051302,0.10732415778873532,Fibrotic,110748,Inflammatory
V11Y24-010_A,SLC25A32 - SLC25A32,53.96810707642321,1.5963213176418518,0.05520853649939267,0.10732415778873532,Fibrotic,110748,Inflammatory
V11Y24-010_A,SLC2A5 - SLC2A11,24.403348225979055,1.589898497747282,0.05592884317347866,0.10842071833071004,Fibrotic,110748,Inflammatory
V11Y24-010_A,SLC38A6 - SLC7A6,43.57869528452872,1.5542361089069687,0.060064053646125715,0.11611268309306755,Fibrotic,110748,Inflammatory
V11Y24-010_A,SLC16A7 - SLC16A2,26.29495879264823,1.5469886930928314,0.06093298608479896,0.11694397103821842,Fibrotic,110748,Inflammatory
V11Y24-010_A,SLC2A8 - SLC2A4,23.070693970772773,1.5455395625612345,0.061107903549812825,0.11694397103821842,Fibrotic,110748,Inflammatory
V11Y24-010_A,ABCB1 - ABCC4,22.500869643617822,1.545400540074701,0.061124704884380744,0.11694397103821842,Fibrotic,110748,Inflammatory
V11Y24-010_A,ABCC4 - SLCO4A1,24.139467178829104,1.5450416046908344,0.06116810012517764,0.11694397103821842,Fibrotic,110748,Inflammatory
V11Y24-010_A,SLC26A6 - SLC26A11,22.334373848448383,1.542056899469026,0.061529883673783536,0.11731247052089498,Fibrotic,110748,Inflammatory
V11Y24-010_A,SLC3A2 - SLC41A2,67.99801007526666,1.5389458194187813,0.06190876196769217,0.11771145426185853,Fibrotic,110748,Inflammatory
V11Y24-010_A,SLC38A6 - SLC7A5,34.026465987725345,1.5335587917172373,0.06256911632974042,0.11833821364475355,Fibrotic,110748,Inflammatory
V11Y24-010_A,AQP3 - ATP7A,43.41227658546478,1.5334750075487447,0.06257942998216794,0.11833821364475355,Fibrotic,110748,Inflammatory
V11Y24-010_A,MSR1 - MSR1,51.42989440802711,1.5212435872791468,0.06409936052195457,0.12088303315825129,Fibrotic,110748,Inflammatory
V11Y24-010_A,SLC16A4 - SLC16A2,20.53970483159005,1.5164832172148162,0.06469860542774164,0.1216578708663584,Fibrotic,110748,Inflammatory
V11Y24-010_A,SLC12A2 - SLC12A2,51.225589265074134,1.5152004504587675,0.06486082452529195,0.1216578708663584,Fibrotic,110748,Inflammatory
V11Y24-010_A,SLC43A3 - SLC43A3,50.19014111057456,1.4845729548528916,0.06882849206506411,0.12875195011631937,Fibrotic,110748,Inflammatory
V11Y24-010_A,SLC38A6 - SLC38A5,29.419086665396414,1.4830489555426918,0.06903070219245229,0.12878308419774703,Fibrotic,110748,Inflammatory
V11Y24-010_A,FLVCR1 - LRP1,119.43857896493407,1.4808159951490598,0.0693278065054622,0.12899061049541763,Fibrotic,110748,Inflammatory
V11Y24-010_A,SLC30A1 - SLC30A4,30.145095690177744,1.4784826840744318,0.06963931426631456,0.12922375428027355,Fibrotic,110748,Inflammatory
V11Y24-010_A,SLC1A4 - SLC38A6,38.37641268004923,1.4731678263698977,0.07035289407036517,0.1301997559595558,Fibrotic,110748,Inflammatory
V11Y24-010_A,SLC6A6 - SLC6A8,37.66825662220118,1.4698153234521316,0.07080588892657186,0.13068959285915127,Fibrotic,110748,Inflammatory
V11Y24-010_A,SLC11A1 - SLC46A1,24.737638401836634,1.4677154057661133,0.07109077212241043,0.13086736300517993,Fibrotic,110748,Inflammatory
V11Y24-010_A,SLC16A4 - SLC16A1,23.99450551707237,1.4548141421412903,0.07286036097382184,0.13377008072971522,Fibrotic,110748,Inflammatory
V11Y24-010_A,SLC36A4 - SLC16A2,19.440077825208988,1.4352957846764314,0.07560141423159944,0.13824075596428909,Fibrotic,110748,Inflammatory
V11Y24-010_A,SLC16A4 - SLC16A7,24.385438038455426,1.4346475010317785,0.07569378568649834,0.13824075596428909,Fibrotic,110748,Inflammatory
V11Y24-010_A,SLC30A5 - SLC30A4,38.845610809292694,1.417643867311736,0.07814738298997204,0.14223901019774773,Fibrotic,110748,Inflammatory
V11Y24-010_A,ABCB1 - SLCO3A1,30.117557507908195,1.4166479414878177,0.07829294221259313,0.14223901019774773,Fibrotic,110748,Inflammatory
V11Y24-010_A,SLC7A7 - SLC38A6,37.30590117112387,1.4107433861266359,0.07916014654756254,0.14343901228200626,Fibrotic,110748,Inflammatory
V11Y24-010_A,SLC38A6 - SLC1A5,38.342459838054836,1.3974012321387548,0.08114647441845624,0.1466553469958558,Fibrotic,110748,Inflammatory
V11Y24-010_A,ABCC4 - SLC46A1,20.32131746397439,1.3957049430204183,0.08140168259483571,0.14673446161250905,Fibrotic,110748,Inflammatory
V11Y24-010_A,SLC20A1 - ATP7A,38.01665224550476,1.392338714340097,0.08190992666917613,0.14726810649846692,Fibrotic,110748,Inflammatory
V11Y24-010_A,SLC11A2 - SLC11A2,46.438914690753265,1.3736155204410763,0.08478053799869156,0.15203538338783448,Fibrotic,110748,Inflammatory
V11Y24-010_A,SLC39A8 - SLC41A2,25.481639054218203,1.361001979812921,0.0867565318979886,0.15517792045671155,Fibrotic,110748,Inflammatory
V11Y24-010_A,SLC30A4 - SLC39A3,23.138837251363448,1.351648423173313,0.08824390591681741,0.15743257250969483,Fibrotic,110748,Inflammatory
V11Y24-010_A,SLC7A2 - SLC36A4,25.79423604006413,1.3501300814447221,0.08848713037428968,0.1574617140506591,Fibrotic,110748,Inflammatory
V11Y24-010_A,SLC39A10 - SLC30A4,25.07429349749244,1.3345597488905718,0.09101023963733318,0.1613228171363994,Fibrotic,110748,Inflammatory
V11Y24-010_A,SLC41A3 - SLC41A2,30.282778431761848,1.3338786074508346,0.09112182178309591,0.1613228171363994,Fibrotic,110748,Inflammatory
V11Y24-010_A,SLC25A32 - SLC19A1,30.746737269791037,1.3189749982103918,0.09358873553887587,0.1652686576691599,Fibrotic,110748,Inflammatory
V11Y24-010_A,CLCN3 - CLCN5,31.248305322741558,1.3106760228047023,0.09498362135359129,0.16730617568373696,Fibrotic,110748,Inflammatory
V11Y24-010_A,AQP3 - AQP9,36.89721720148154,1.303340088953407,0.09622934019233165,0.16907129643918523,Fibrotic,110748,Inflammatory
V11Y24-010_A,AQP7 - ATP7A,16.288995151422295,1.2870878134149217,0.09903184128617842,0.17355580265810056,Fibrotic,110748,Inflammatory
V11Y24-010_A,SLC2A6 - SLC2A10,18.148626371689318,1.2785404776894131,0.10052946099866478,0.17573663962990768,Fibrotic,110748,Inflammatory
V11Y24-010_A,SLC41A1 - SLC46A1,17.064216892309794,1.265936448516353,0.1027679179026042,0.17919832920705356,Fibrotic,110748,Inflammatory
V11Y24-010_A,SLC38A5 - SLC38A5,42.67318453853042,1.262229080483723,0.10343318370931304,0.17990633958461968,Fibrotic,110748,Inflammatory
V11Y24-010_A,ABCC4 - SLC19A1,18.27838711014057,1.2553927807727125,0.10466810437904567,0.18159916109764423,Fibrotic,110748,Inflammatory
V11Y24-010_A,SLCO2B1 - ABCC3,77.99191241445024,1.2300166815656774,0.10934542907780981,0.18924121640897756,Fibrotic,110748,Inflammatory
V11Y24-010_A,SLC11A2 - SLC41A2,26.664970776294982,1.2273895232775855,0.10983811110890845,0.18962101768552855,Fibrotic,110748,Inflammatory
V11Y24-010_A,SLC16A1 - ABCB1,20.171756662914774,1.2230365340999039,0.11065794884265467,0.19056232381340532,Fibrotic,110748,Inflammatory
V11Y24-010_A,SLC38A9 - SLC38A6,16.89425155899987,1.2210816952213734,0.1110275447843509,0.19072553485232555,Fibrotic,110748,Inflammatory
V11Y24-010_A,ABCC5 - ABCC5,40.964782589809886,1.2116963010778865,0.11281432778384692,0.19331640365923397,Fibrotic,110748,Inflammatory
V11Y24-010_A,SLC30A6 - SLC30A4,23.150891401000223,1.2034801054077235,0.11439529276719584,0.1955426925626451,Fibrotic,110748,Inflammatory
V11Y24-010_A,SLC36A4 - SLC6A8,14.724243308784303,1.201569697575373,0.11476514386575515,0.1956928988767422,Fibrotic,110748,Inflammatory
V11Y24-010_A,SLCO3A1 - SLCO3A1,40.08216241751951,1.185589300615323,0.11789226481188564,0.20053243083198194,Fibrotic,110748,Inflammatory
V11Y24-010_A,SLC41A1 - SLC41A2,15.825346187286002,1.1740288274173993,0.12019173957284518,0.20394392973974218,Fibrotic,110748,Inflammatory
V11Y24-010_A,ABCB1 - SLCO4A1,18.216311408879328,1.1659312445556662,0.12182112260819633,0.2062045343660689,Fibrotic,110748,Inflammatory
V11Y24-010_A,SLC11A1 - SLC41A2,19.516039964699747,1.157911359623169,0.12345010565592118,0.20845346307836815,Fibrotic,110748,Inflammatory
V11Y24-010_A,SLC38A2 - SLC6A16,144.86572971966348,1.1530912184881537,0.1244364728218364,0.20960901004454965,Fibrotic,110748,Inflammatory
V11Y24-010_A,ABCC1 - ABCC1,38.553177203994565,1.1403634844262773,0.12706744961218058,0.21352254244758676,Fibrotic,110748,Inflammatory
V11Y24-010_A,SLC7A8 - SLC38A6,20.304239399962555,1.12527672736351,0.13023589419765208,0.21805455947264055,Fibrotic,110748,Inflammatory
V11Y24-010_A,FOLR2 - ABCC3,67.61028822308947,1.1245359876959407,0.13039285616879803,0.21805455947264055,Fibrotic,110748,Inflammatory
V11Y24-010_A,ORAI3 - ORAI3,37.922062786155024,1.1216957665157392,0.13099590858968424,0.218536443656829,Fibrotic,110748,Inflammatory
V11Y24-010_A,SLC23A2 - SLC23A2,37.84914134553098,1.1195388250092217,0.13145516858240436,0.21877670742491276,Fibrotic,110748,Inflammatory
V11Y24-010_A,SLC36A1 - SLC7A8,19.952893123758138,1.1058048436809629,0.13440549903747345,0.22315171371293438,Fibrotic,110748,Inflammatory
V11Y24-010_A,SLCO2A1 - SLC27A5,34.29571834760956,1.087911136004686,0.13831716975341835,0.22909812842212965,Fibrotic,110748,Inflammatory
V11Y24-010_A,SLC30A1 - SLC30A1,36.306722196146765,1.0739156467603652,0.14143024493476403,0.23339056767508232,Fibrotic,110748,Inflammatory
V11Y24-010_A,SLC15A2 - ABCB1,13.444436689948716,1.0732418467048126,0.14158130978560468,0.23339056767508232,Fibrotic,110748,Inflammatory
V11Y24-010_A,SLC46A1 - SLC19A1,13.182289115735788,1.0649919974430313,0.1434397755782521,0.23589384893674634,Fibrotic,110748,Inflammatory
V11Y24-010_A,SLC12A4 - SLC12A4,35.94285722020145,1.0631528935472085,0.1438563104232788,0.23601957312944558,Fibrotic,110748,Inflammatory
V11Y24-010_A,ABCC1 - ABCC3,22.03378843287323,1.0598525067778075,0.14460585251563535,0.2366897680326673,Fibrotic,110748,Inflammatory
V11Y24-010_A,SLC7A5 - SLC6A8,23.4001810479076,1.0546365110834335,0.14579579934345643,0.23807596410437357,Fibrotic,110748,Inflammatory
V11Y24-010_A,SLC16A5 - SLC16A3,26.333195888140878,1.04370381432219,0.14831122228087656,0.241614995922367,Fibrotic,110748,Inflammatory
V11Y24-010_A,SLC41A1 - SLC30A4,14.036293163659401,1.0413050437694094,0.14886699829496564,0.2419524515613727,Fibrotic,110748,Inflammatory
V11Y24-010_A,SLC8A1 - SLC8A1,35.133467408605604,1.039211972130363,0.14935308185818097,0.24217532432144295,Fibrotic,110748,Inflammatory
V11Y24-010_A,SLC7A8 - SLC6A8,18.672695695187205,1.034855307260301,0.15036824463218557,0.2432530577499692,Fibrotic,110748,Inflammatory
V11Y24-010_A,SLC2A4 - SLC2A10,14.230715070334341,1.0120913234927769,0.15574719526808484,0.25136872910709507,Fibrotic,110748,Inflammatory
V11Y24-010_A,SLC7A2 - SLC7A2,34.06749310977195,1.0076815444487541,0.15680368386309101,0.2524866742482254,Fibrotic,110748,Inflammatory
V11Y24-010_A,SLC19A2 - SLC19A1,13.897831615276354,1.0055699401972331,0.157311244925183,0.25271760180110414,Fibrotic,110748,Inflammatory
V11Y24-010_A,SLC7A1 - SLC6A8,18.934399695541263,0.999270895375693,0.15883174022068375,0.25411903664802443,Fibrotic,110748,Inflammatory
V11Y24-010_A,SLC22A3 - ABCC1,20.767100254424587,0.9989232369282491,0.15891593934472997,0.25411903664802443,Fibrotic,110748,Inflammatory
V11Y24-010_A,SLC24A1 - SLC24A3,19.165146660918765,0.9935312031514786,0.16022557602903886,0.25562425233138614,Fibrotic,110748,Inflammatory
V11Y24-010_A,SLC9A1 - SLC9A1,33.05854634584996,0.9778379328258062,0.16407724333115464,0.2611688231005076,Fibrotic,110748,Inflammatory
V11Y24-010_A,SLCO2A1 - SLC16A5,30.694798578849205,0.9736846113817703,0.16510658018574675,0.2622058733384628,Fibrotic,110748,Inflammatory
V11Y24-010_A,FLVCR1 - SLC46A1,11.963114704967616,0.9664953721941203,0.16689818075770807,0.2644459759037658,Fibrotic,110748,Inflammatory
V11Y24-010_A,ABCG2 - FOLR2,57.9865142422375,0.9644674468961992,0.1674058107435048,0.26464608805465223,Fibrotic,110748,Inflammatory
V11Y24-010_A,ABCC4 - ABCC3,13.94457123962906,0.9577384459424816,0.16909733250102055,0.26671261080842784,Fibrotic,110748,Inflammatory
V11Y24-010_A,SLC38A6 - SLC38A7,12.883114186971977,0.9486444671553481,0.17140073343586743,0.26959282810183877,Fibrotic,110748,Inflammatory
V11Y24-010_A,SLC7A1 - SLC7A1,32.03178537771439,0.9474673952926594,0.17170033144238145,0.26959282810183877,Fibrotic,110748,Inflammatory
V11Y24-010_A,SLC1A3 - SLC1A3,31.814602792025397,0.9410433569089345,0.17334132046798756,0.27155502574443197,Fibrotic,110748,Inflammatory
V11Y24-010_A,SLC3A2 - SLC6A16,41.35552543384023,0.935967286481301,0.1746450156027048,0.2729811730366602,Fibrotic,110748,Inflammatory
V11Y24-010_A,SLC29A1 - SLC4A8,25.84441871883779,0.9141737774448154,0.18031277029982085,0.28120688222039475,Fibrotic,110748,Inflammatory
V11Y24-010_A,RBP1 - RBP4,16.836045888135054,0.9095638095384928,0.1815262959272328,0.2820612534362638,Fibrotic,110748,Inflammatory
V11Y24-010_A,SLC41A2 - SLC46A1,11.251522042776639,0.9090060784895896,0.18167345862537454,0.2820612534362638,Fibrotic,110748,Inflammatory
V11Y24-010_A,SLC39A10 - SLC39A10,30.480636938899018,0.9015860136054815,0.1836384117482452,0.2837933909845185,Fibrotic,110748,Inflammatory
V11Y24-010_A,SLC22A5 - SLC44A2,51.96804026233363,0.8973876687607082,0.18475604513360772,0.2837933909845185,Fibrotic,110748,Inflammatory
V11Y24-010_A,SLC22A3 - ABCB1,11.237107299548267,0.897035262087527,0.1848500506146195,0.2837933909845185,Fibrotic,110748,Inflammatory
V11Y24-010_A,SLC22A5 - SLCO2B1,56.844970641941394,0.896506573414199,0.18499113556083974,0.2837933909845185,Fibrotic,110748,Inflammatory
V11Y24-010_A,SLC16A1 - ABCC3,14.771813767991976,0.8956318586962165,0.18522470729372242,0.2837933909845185,Fibrotic,110748,Inflammatory
V11Y24-010_A,SLC2A6 - SLC2A4,12.712361158956867,0.8955646546389373,0.1852426601094912,0.2837933909845185,Fibrotic,110748,Inflammatory
V11Y24-010_A,CRABP2 - CRABP1,13.414396146099957,0.891902025690571,0.1862227244010075,0.2846664553618925,Fibrotic,110748,Inflammatory
V11Y24-010_A,SLC30A6 - SLC30A6,29.310676947682346,0.8669797956752783,0.1929765400182224,0.29434223906076123,Fibrotic,110748,Inflammatory
V11Y24-010_A,SLC26A2 - SLC26A2,29.123438641322416,0.8614414783965518,0.19449746979790528,0.29601150008716287,Fibrotic,110748,Inflammatory
V11Y24-010_A,SLC38A1 - SLC6A16,41.66453710419933,0.8577989442221877,0.19550174642648305,0.29688886656450597,Fibrotic,110748,Inflammatory
V11Y24-010_A,SLC16A10 - SLC3A2,37.82332874927677,0.8560258394439996,0.19599174349537424,0.2969831222397155,Fibrotic,110748,Inflammatory
V11Y24-010_A,SLC27A1 - SLC27A5,20.765824687825454,0.8531801764932134,0.1967796973812912,0.2975274727290111,Fibrotic,110748,Inflammatory
V11Y24-010_A,SLC24A3 - SLC24A3,28.720805250235898,0.8495319951812952,0.1977926672644214,0.29834116352503887,Fibrotic,110748,Inflammatory
V11Y24-010_A,AQP7 - AQP9,10.73391183958993,0.8481485193271744,0.1981776316787362,0.29834116352503887,Fibrotic,110748,Inflammatory
V11Y24-010_A,SLC7A2 - SLC6A8,16.11585925666538,0.8435414151036517,0.1994628567675793,0.29962602293658014,Fibrotic,110748,Inflammatory
V11Y24-010_A,RBP1 - RBP1,28.437430386879107,0.8411500570373518,0.20013193764121617,0.29998178125918795,Fibrotic,110748,Inflammatory
V11Y24-010_A,CRABP1 - CRABP1,28.278714302704422,0.8364553978701902,0.20144937927797057,0.30130575262696463,Fibrotic,110748,Inflammatory
V11Y24-010_A,SLC25A32 - ABCC3,19.39797023657359,0.8321350500889674,0.20266635987908416,0.30230588102168987,Fibrotic,110748,Inflammatory
V11Y24-010_A,SLC39A8 - SLC39A8,28.093987652612725,0.8309913728107164,0.20298925152176872,0.30230588102168987,Fibrotic,110748,Inflammatory
V11Y24-010_A,AQP9 - ATP7A,8.465055194802279,0.8292075573655493,0.20349348465263778,0.3024078765501726,Fibrotic,110748,Inflammatory
V11Y24-010_A,SLC7A8 - SLC7A8,27.876670405426573,0.8245633512778646,0.20480976763941794,0.30371362979007704,Fibrotic,110748,Inflammatory
V11Y24-010_A,ABCG2 - SLCO2B1,52.18212999565105,0.8229685410610269,0.2052629416982566,0.30373663441063986,Fibrotic,110748,Inflammatory
V11Y24-010_A,SLC4A8 - SLC1A5,22.477038791612618,0.8191817070394695,0.2063413750760577,0.3046827963889022,Fibrotic,110748,Inflammatory
V11Y24-010_A,SLC16A10 - SLC38A2,102.15048802938702,0.8130896861452612,0.20808331967990656,0.30568188804547775,Fibrotic,110748,Inflammatory
V11Y24-010_A,SLC20A2 - ATP7A,12.152828673697186,0.8126227256064603,0.2082171989752173,0.30568188804547775,Fibrotic,110748,Inflammatory
V11Y24-010_A,ABCB1 - ABCC3,10.17433975567189,0.8121967056115568,0.20833938479180253,0.30568188804547775,Fibrotic,110748,Inflammatory
V11Y24-010_A,SLC2A4 - SLC2A11,10.972236474862418,0.8046820042114406,0.21050160343669883,0.30820276958875314,Fibrotic,110748,Inflammatory
V11Y24-010_A,SLC4A7 - SLC22A5,22.991898740154056,0.8008114100943452,0.21162041623409977,0.30918856603466366,Fibrotic,110748,Inflammatory
V11Y24-010_A,SLC39A3 - SLC39A3,26.72798837124033,0.7905865135176096,0.21459265968069363,0.3122332789700106,Fibrotic,110748,Inflammatory
V11Y24-010_A,SLC2A1 - SLC2A4,13.85419596375713,0.7905471757623328,0.21460414130935884,0.3122332789700106,Fibrotic,110748,Inflammatory
V11Y24-010_A,SLC1A4 - SLC6A16,20.398547844490018,0.783045685893202,0.21680014216181864,0.3147684072391258,Fibrotic,110748,Inflammatory
V11Y24-010_A,SLC22A5 - SLC44A1,30.363796288184453,0.7781671815061918,0.21823523073682943,0.31564975543973756,Fibrotic,110748,Inflammatory
V11Y24-010_A,CLCN3 - CLCN4,18.545967289931987,0.7778903334301371,0.21831683373353605,0.31564975543973756,Fibrotic,110748,Inflammatory
V11Y24-010_A,SLC35F5 - SLC29A2,19.645910727703296,0.7699793234433768,0.22065607894971323,0.3183686461353451,Fibrotic,110748,Inflammatory
V11Y24-010_A,SLC4A8 - SLC7A8,13.837545008141952,0.766887498456897,0.2215742035909884,0.31903007736959743,Fibrotic,110748,Inflammatory
V11Y24-010_A,SLC16A10 - SLC7A5,16.977036227061333,0.7651480225041258,0.22209170330902944,0.3191131306345061,Fibrotic,110748,Inflammatory
V11Y24-010_A,ABCC2 - SLCO4A1,11.842138661971479,0.7579536360815098,0.2242393695569782,0.32153331089368364,Fibrotic,110748,Inflammatory
V11Y24-010_A,SLC39A1 - CUBN,27.618923612488878,0.7559440280471911,0.22484137747735344,0.32160946532011,Fibrotic,110748,Inflammatory
V11Y24-010_A,ABCC3 - SLCO4A1,11.791054211397455,0.754683986386886,0.2252193085671087,0.32160946532011,Fibrotic,110748,Inflammatory
V11Y24-010_A,SLC52A2 - SLC52A2,25.41507284068403,0.7517518171899764,0.22610016132062988,0.3222043366663596,Fibrotic,110748,Inflammatory
V11Y24-010_A,ABCC5 - ABCC3,15.4240136549557,0.7496672654914546,0.22672756369390307,0.3224363303351818,Fibrotic,110748,Inflammatory
V11Y24-010_A,SLC43A1 - SLC38A6,11.398854167484838,0.7438051549791538,0.2284971805257356,0.32379706942276004,Fibrotic,110748,Inflammatory
V11Y24-010_A,SLCO3A1 - ABCC3,15.804643479930927,0.7434074176139283,0.2286175274022369,0.32379706942276004,Fibrotic,110748,Inflammatory
V11Y24-010_A,SLC16A7 - SLC16A5,12.569613143583645,0.7394972383494113,0.2298025580333256,0.3248125769350875,Fibrotic,110748,Inflammatory
V11Y24-010_A,SLC2A1 - SLC2A1,24.88732101169291,0.7361414587638414,0.2308223071838419,0.3255908154178583,Fibrotic,110748,Inflammatory
V11Y24-010_A,SLC4A7 - SLC4A8,21.0237789200436,0.7322614905687896,0.23200448959520503,0.32659455533280385,Fibrotic,110748,Inflammatory
V11Y24-010_A,SLC16A7 - SLC16A7,24.679209790255953,0.7299857420411878,0.2326994499465992,0.32674046377613714,Fibrotic,110748,Inflammatory
V11Y24-010_A,SLC1A1 - SLC1A5,19.9821631543035,0.7282552953190474,0.2332286613169981,0.32674046377613714,Fibrotic,110748,Inflammatory
V11Y24-010_A,SLCO2A1 - SLC16A10,22.927733043653884,0.7273017537850245,0.23352056200715277,0.32674046377613714,Fibrotic,110748,Inflammatory
V11Y24-010_A,SLC36A1 - SLC38A6,8.358813505856286,0.7228126686445291,0.23489749149985067,0.32758480474843144,Fibrotic,110748,Inflammatory
V11Y24-010_A,SLC7A8 - SLC6A16,13.032253140651074,0.7222575973129883,0.235068058738788,0.32758480474843144,Fibrotic,110748,Inflammatory
V11Y24-010_A,SLC4A10 - SLC1A5,19.364630849280434,0.705749164842039,0.24017207022011583,0.3340268872400008,Fibrotic,110748,Inflammatory
V11Y24-010_A,SLC1A1 - SLC3A2,31.088147778647567,0.7035937522946009,0.24084290163352656,0.33428994746733487,Fibrotic,110748,Inflammatory
V11Y24-010_A,SLC1A5 - SLC6A16,19.18658347388419,0.6992601804939131,0.24219472358047378,0.3351264335065228,Fibrotic,110748,Inflammatory
V11Y24-010_A,SLC16A10 - SLC16A7,11.873900762083853,0.6985669902242165,0.24241133951048194,0.3351264335065228,Fibrotic,110748,Inflammatory
V11Y24-010_A,CUBN - SLC3A2,30.775067844881512,0.6965080588356326,0.2430553560838551,0.33534144017302614,Fibrotic,110748,Inflammatory
V11Y24-010_A,SLC16A10 - SLC7A6,19.48636520810556,0.6949820833332379,0.24353326490951754,0.33534144017302614,Fibrotic,110748,Inflammatory
V11Y24-010_A,SLC22A5 - SLC1A5,18.830181815127958,0.6862710264546108,0.24627110800301888,0.3384398989190002,Fibrotic,110748,Inflammatory
V11Y24-010_A,SLC16A10 - SLC38A1,32.94986021808304,0.6783791989973064,0.24876564720890704,0.3411924094130069,Fibrotic,110748,Inflammatory
V11Y24-010_A,SLC16A1 - SLC16A5,11.147984510250105,0.6759149718815596,0.24954731570774463,0.34158942229028555,Fibrotic,110748,Inflammatory
V11Y24-010_A,SLC16A10 - SLC16A3,16.97064381906066,0.6726234734551771,0.25059343210524493,0.3418135172567714,Fibrotic,110748,Inflammatory
V11Y24-010_A,SLC12A2 - SLC4A8,15.702008711766055,0.6718318554205309,0.2508453732309493,0.3418135172567714,Fibrotic,110748,Inflammatory
V11Y24-010_A,ABCG2 - ABCC1,13.944631947360866,0.6707540634934327,0.25118860778235363,0.3418135172567714,Fibrotic,110748,Inflammatory
V11Y24-010_A,SLC31A2 - SLC31A2,22.348562647239245,0.6610475872708125,0.2542908980719122,0.34338431516593904,Fibrotic,110748,Inflammatory
V11Y24-010_A,SLC22A5 - SLC29A1,18.681263176850404,0.6607972542007341,0.2543711719732529,0.34338431516593904,Fibrotic,110748,Inflammatory
V11Y24-010_A,SLC29A3 - SLC29A2,8.178899870676569,0.6569390567775731,0.25561005176583684,0.34338431516593904,Fibrotic,110748,Inflammatory
V11Y24-010_A,SLC4A10 - SLC29A1,18.570606283553374,0.6568830771690828,0.2556280501661433,0.34338431516593904,Fibrotic,110748,Inflammatory
V11Y24-010_A,SLC4A10 - SLC4A7,18.837375584453476,0.6561087222395231,0.25587708638750917,0.34338431516593904,Fibrotic,110748,Inflammatory
V11Y24-010_A,ABCG2 - CD36,35.99312111575134,0.6553115236931647,0.2561336014366292,0.34338431516593904,Fibrotic,110748,Inflammatory
V11Y24-010_A,SLC1A4 - SLC16A10,17.05860202577702,0.6548341002255146,0.25628728644949617,0.34338431516593904,Fibrotic,110748,Inflammatory
V11Y24-010_A,SLC16A4 - SLC16A5,8.471143266426592,0.6547906950536924,0.2563012611757297,0.34338431516593904,Fibrotic,110748,Inflammatory
V11Y24-010_A,SLC46A1 - ABCC3,8.061369879932823,0.6512749292009096,0.25743451459422984,0.3442380599776407,Fibrotic,110748,Inflammatory
V11Y24-010_A,SLC4A10 - SLC12A2,14.93534119319071,0.6390289401407064,0.2614020526663181,0.34887120105850916,Fibrotic,110748,Inflammatory
V11Y24-010_A,SLC16A10 - SLC43A2,16.036664953877516,0.6349987461012578,0.2627146163957101,0.349949988058777,Fibrotic,110748,Inflammatory
V11Y24-010_A,SLC22A5 - SLC5A3,10.457482042439903,0.6260603323443138,0.2656376846970948,0.353165810689241,Fibrotic,110748,Inflammatory
V11Y24-010_A,SLC16A10 - SLC7A7,16.40570851409065,0.6203909851905498,0.26750020301724314,0.35457549044151987,Fibrotic,110748,Inflammatory
V11Y24-010_A,SLC16A10 - SLC15A3,21.905806100193455,0.6197237972935415,0.2677198227541159,0.35457549044151987,Fibrotic,110748,Inflammatory
V11Y24-010_A,SLC22A5 - ABCC1,12.601672892021728,0.606156070023658,0.27220556050542355,0.3591913947444501,Fibrotic,110748,Inflammatory
V11Y24-010_A,SLC40A1 - CUBN,63.22134756301857,0.6060518434940041,0.2722401637400299,0.3591913947444501,Fibrotic,110748,Inflammatory
V11Y24-010_A,SLC16A10 - SLC1A5,16.577176470300852,0.6041596424126339,0.27286875480866346,0.3593376012091318,Fibrotic,110748,Inflammatory
V11Y24-010_A,ABCG2 - SLCO3A1,12.716550172245483,0.5981519125383197,0.2748692871673094,0.36105636123656343,Fibrotic,110748,Inflammatory
V11Y24-010_A,SLC29A1 - SLC29A2,16.88098903894717,0.5971176092070696,0.27521443097138626,0.36105636123656343,Fibrotic,110748,Inflammatory
V11Y24-010_A,ABCC2 - SLCO2B1,36.928423575388834,0.582401118468223,0.280148264174322,0.36638592007426374,Fibrotic,110748,Inflammatory
V11Y24-010_A,SLC6A1 - SLC6A6,14.911669377951641,0.5818533193555714,0.2803327428810289,0.36638592007426374,Fibrotic,110748,Inflammatory
V11Y24-010_A,ABCG2 - SLCO4A1,9.05751791816759,0.5797245612394846,0.2810501887419752,0.3666331409528774,Fibrotic,110748,Inflammatory
V11Y24-010_A,SLC29A1 - SLC16A10,16.14867497565069,0.5712140545246136,0.2839272761635163,0.3696914252485559,Fibrotic,110748,Inflammatory
V11Y24-010_A,SLC4A8 - SLC5A3,9.438691982111905,0.5650682081245896,0.286013685776044,0.3717106702782295,Fibrotic,110748,Inflammatory
V11Y24-010_A,SLC41A1 - CUBN,7.563352835133234,0.5610995270049354,0.28736484529330586,0.37191153742917127,Fibrotic,110748,Inflammatory
V11Y24-010_A,SLC4A7 - SLC16A10,16.02189150856186,0.5580449738560422,0.28840683697594516,0.37191153742917127,Fibrotic,110748,Inflammatory
V11Y24-010_A,ABCC2 - SLCO3A1,11.857062262491928,0.5577239403242273,0.2885164536510724,0.37191153742917127,Fibrotic,110748,Inflammatory
V11Y24-010_A,ABCG2 - SLC25A32,13.000781113738189,0.5577081267440467,0.2885218536942843,0.37191153742917127,Fibrotic,110748,Inflammatory
V11Y24-010_A,SLC27A4 - SLC27A4,18.816934670466324,0.5565856498283956,0.288905280275063,0.37191153742917127,Fibrotic,110748,Inflammatory
V11Y24-010_A,SLC1A3 - SLC1A1,11.075050286333571,0.5551863067561028,0.28938361701981624,0.37191153742917127,Fibrotic,110748,Inflammatory
V11Y24-010_A,SLC5A3 - SLC5A3,18.681997003788517,0.552594331890088,0.2902706120598929,0.37236193118219163,Fibrotic,110748,Inflammatory
V11Y24-010_A,CUBN - SLC46A1,6.7802703901850325,0.5477754009679033,0.29192306563986536,0.3732570752264109,Fibrotic,110748,Inflammatory
V11Y24-010_A,ABCG2 - ABCC4,7.959965613724475,0.5467048764452986,0.29229075173213925,0.3732570752264109,Fibrotic,110748,Inflammatory
V11Y24-010_A,SLC43A1 - SLC43A1,18.427762521827525,0.5450743363738609,0.29285119623777317,0.3732570752264109,Fibrotic,110748,Inflammatory
V11Y24-010_A,SLC4A10 - SLC7A8,9.812747484334729,0.5438300917411889,0.293279199671698,0.3732570752264109,Fibrotic,110748,Inflammatory
V11Y24-010_A,CUBN - SLC11A2,11.79079708756224,0.5427307960611456,0.29365758367956823,0.3732570752264109,Fibrotic,110748,Inflammatory
V11Y24-010_A,SLC16A10 - SLC7A8,9.74057594120507,0.5398302887314851,0.2946570383974131,0.3736963494222787,Fibrotic,110748,Inflammatory
V11Y24-010_A,SLC16A1 - SLC16A10,8.867594017601395,0.5376523043742248,0.295408556543593,0.3736963494222787,Fibrotic,110748,Inflammatory
V11Y24-010_A,SLC16A10 - SLC15A4,11.841036679747631,0.5370440833676697,0.2956185818916873,0.3736963494222787,Fibrotic,110748,Inflammatory
V11Y24-010_A,SLC11A1 - SLC11A1,17.934352930782097,0.5304797861629483,0.29788966017091617,0.37528424000910854,Fibrotic,110748,Inflammatory
V11Y24-010_A,SLC16A10 - SLC43A3,12.43515163919783,0.5302877499781162,0.297956219373226,0.37528424000910854,Fibrotic,110748,Inflammatory
V11Y24-010_A,SLC16A1 - SLC1A1,8.673411184949938,0.5258787785184246,0.2994862172518499,0.3761005947483505,Fibrotic,110748,Inflammatory
V11Y24-010_A,SLC38A6 - SLC6A16,5.82431909509501,0.5252974178466865,0.29968822607469425,0.3761005947483505,Fibrotic,110748,Inflammatory
V11Y24-010_A,SLC16A10 - SLC38A5,10.300305748088789,0.5192498956618313,0.30179324425592613,0.376776767967658,Fibrotic,110748,Inflammatory
V11Y24-010_A,ABCC4 - ABCC4,17.538548822361186,0.5187723061324221,0.30195976615669423,0.376776767967658,Fibrotic,110748,Inflammatory
V11Y24-010_A,SLC16A10 - SLC16A2,7.026112485455952,0.518750476397795,0.30196737855131783,0.376776767967658,Fibrotic,110748,Inflammatory
V11Y24-010_A,SLC12A2 - SLC16A10,12.095305847913343,0.517514154962436,0.30239864518441717,0.376776767967658,Fibrotic,110748,Inflammatory
V11Y24-010_A,SLC45A1 - SLC2A8,7.646800451416074,0.5122703564811224,0.30423090439007805,0.37838037212672787,Fibrotic,110748,Inflammatory
V11Y24-010_A,SLC16A1 - SLC16A1,17.231665642117257,0.5096950160589461,0.30513257260247534,0.37840709197992917,Fibrotic,110748,Inflammatory
V11Y24-010_A,SLC31A1 - SLC31A1,17.21137267908157,0.5090947710022478,0.3053428984276086,0.37840709197992917,Fibrotic,110748,Inflammatory
V11Y24-010_A,SLC43A1 - SLC6A16,7.776653620619641,0.5074470614778029,0.30592058598030464,0.3784472133160988,Fibrotic,110748,Inflammatory
V11Y24-010_A,SLC5A6 - SLC5A6,16.808016029480413,0.4971638945410978,0.3095367400747374,0.38223931959407076,Fibrotic,110748,Inflammatory
V11Y24-010_A,SLC45A1 - SLC2A6,6.946857786908811,0.4893945520400323,0.3122811961608972,0.38455905391003525,Fibrotic,110748,Inflammatory
V11Y24-010_A,SLC16A1 - SLC22A5,8.060380694966266,0.4887100431278372,0.3125234962611814,0.38455905391003525,Fibrotic,110748,Inflammatory
V11Y24-010_A,SLC45A1 - SLC2A1,8.501715446274472,0.4851243011698103,0.31379408746407755,0.3853418848434609,Fibrotic,110748,Inflammatory
V11Y24-010_A,SLC12A6 - SLC12A5,13.770002399552281,0.4837823175812988,0.3142701827397678,0.3853418848434609,Fibrotic,110748,Inflammatory
V11Y24-010_A,SLC36A1 - SLC6A16,5.436466000157814,0.4701081672436202,0.31913886968603733,0.39062147365451483,Fibrotic,110748,Inflammatory
V11Y24-010_A,SLC12A4 - SLC12A5,9.521327256447396,0.4660655630809717,0.3205842859577783,0.3916998141808066,Fibrotic,110748,Inflammatory
V11Y24-010_A,CUBN - TCN2,12.055928817085764,0.45757853475316285,0.32362763394803096,0.39472333560621004,Fibrotic,110748,Inflammatory
V11Y24-010_A,SLC16A1 - ABCC2,7.393189324240703,0.4482574719775145,0.3269836946778835,0.397612058187438,Fibrotic,110748,Inflammatory
V11Y24-010_A,SLC2A5 - SLC2A5,15.082206056033984,0.4461162035981817,0.32775665437818075,0.397612058187438,Fibrotic,110748,Inflammatory
V11Y24-010_A,SLC22A5 - SLC7A8,8.016099493769364,0.44425846380562845,0.3284278638943871,0.397612058187438,Fibrotic,110748,Inflammatory
V11Y24-010_A,SLC45A1 - SLC2A10,6.236323910367165,0.4435286132128892,0.3286917138411083,0.397612058187438,Fibrotic,110748,Inflammatory
V11Y24-010_A,SLC22A5 - ABCC4,6.4509262016386755,0.44306131246896696,0.3288606936593507,0.397612058187438,Fibrotic,110748,Inflammatory
V11Y24-010_A,SLC16A5 - SLC16A2,5.929047675906219,0.4377522154432169,0.33078295683737263,0.39920143413607173,Fibrotic,110748,Inflammatory
V11Y24-010_A,SLC4A10 - SLC12A6,12.310561229105598,0.4325076836832527,0.3326862344619036,0.39920143413607173,Fibrotic,110748,Inflammatory
V11Y24-010_A,SLC20A2 - SLC20A2,14.614900119350608,0.43229377274041764,0.33276395628207184,0.39920143413607173,Fibrotic,110748,Inflammatory
V11Y24-010_A,SLC19A2 - SLC19A3,5.968740096243345,0.43186489718546645,0.33291980440777574,0.39920143413607173,Fibrotic,110748,Inflammatory
V11Y24-010_A,SLC4A10 - SLC12A7,11.924206126101042,0.431502987040336,0.33305134058326447,0.39920143413607173,Fibrotic,110748,Inflammatory
V11Y24-010_A,SLC2A8 - SLC2A8,14.233429382626682,0.4210102591603207,0.33687379522608396,0.40274001562065387,Fibrotic,110748,Inflammatory
V11Y24-010_A,SLC4A10 - SLC12A4,8.559963787843738,0.41900716520720516,0.33760544789893465,0.40274001562065387,Fibrotic,110748,Inflammatory
V11Y24-010_A,SLC26A11 - SLC26A11,14.152844447728402,0.41862663934432937,0.3377445087769748,0.40274001562065387,Fibrotic,110748,Inflammatory
V11Y24-010_A,SLC12A2 - SLC12A5,9.639939880821531,0.4124579736999954,0.3400018891189266,0.4047363825875387,Fibrotic,110748,Inflammatory
V11Y24-010_A,SLC2A6 - SLC2A6,13.812246362510425,0.40855209692223693,0.3414341955463652,0.40545420968057183,Fibrotic,110748,Inflammatory
V11Y24-010_A,SLC12A2 - SLC22A5,9.52705667583313,0.40762811183675834,0.3417733611860728,0.40545420968057183,Fibrotic,110748,Inflammatory
V11Y24-010_A,SLC22A5 - ABCC3,3.405726818877006,0.40480446709599,0.3428106224755299,0.4059907371979825,Fibrotic,110748,Inflammatory
V11Y24-010_A,SLC39A4 - SLC39A4,13.524669346785446,0.4000458634162973,0.344561368417854,0.4073689773117388,Fibrotic,110748,Inflammatory
V11Y24-010_A,SLC22A5 - ABCB1,4.989023634644808,0.3982635392156824,0.3452179668649358,0.4074511377623562,Fibrotic,110748,Inflammatory
V11Y24-010_A,SLC16A2 - SLC16A2,13.39365593774876,0.39617062099865913,0.3459895815060637,0.407668539159946,Fibrotic,110748,Inflammatory
V11Y24-010_A,SLC19A3 - SLC19A1,4.055875274280096,0.3932593769211439,0.3470639593146859,0.40769144414293623,Fibrotic,110748,Inflammatory
V11Y24-010_A,ABCG2 - SLC22A5,2.7161807235900985,0.39293451463940016,0.3471839243349788,0.40769144414293623,Fibrotic,110748,Inflammatory
V11Y24-010_A,SLC45A1 - SLC2A3,17.04755022404579,0.38837230744568607,0.34887026724943393,0.40897967140389724,Fibrotic,110748,Inflammatory
V11Y24-010_A,SLC16A10 - SLC38A7,5.193984705349848,0.38245759384810085,0.351060988790014,0.41085383848274826,Fibrotic,110748,Inflammatory
V11Y24-010_A,ABCC5 - ABCC2,7.784526362214182,0.37835836518675636,0.3525821965178534,0.4119394686589061,Fibrotic,110748,Inflammatory
V11Y24-010_A,SLC4A10 - SLC4A8,2.6387925964600285,0.3733456582436061,0.3544455993158157,0.41342058138685056,Fibrotic,110748,Inflammatory
V11Y24-010_A,SLC22A5 - SLC22A3,3.331541922211298,0.37162133672377934,0.3550874003322525,0.41345661111184795,Fibrotic,110748,Inflammatory
V11Y24-010_A,SLC16A1 - ABCG2,6.103503872409771,0.3700623771503865,0.3556680069650911,0.41345661111184795,Fibrotic,110748,Inflammatory
V11Y24-010_A,ABCG2 - SLC22A3,3.267650975405098,0.36449453489716194,0.3577443770317319,0.4151749124749531,Fibrotic,110748,Inflammatory
V11Y24-010_A,SLC45A1 - SLC2A11,4.77778842254717,0.35039350203229025,0.3630217011567557,0.42013587365749233,Fibrotic,110748,Inflammatory
V11Y24-010_A,ABCC2 - ABCC4,5.093615325745387,0.34983873956944717,0.36322986195172247,0.42013587365749233,Fibrotic,110748,Inflammatory
V11Y24-010_A,ABCC2 - ABCC3,2.923630156074793,0.3475024892647925,0.36410692436577585,0.4204495931944234,Fibrotic,110748,Inflammatory
V11Y24-010_A,SLCO4A1 - SLCO4A1,11.401083767845115,0.33723237757921104,0.3679708657874849,0.42420561604072177,Fibrotic,110748,Inflammatory
V11Y24-010_A,CUBN - AMN,2.1891615856489746,0.33544996027026563,0.36864284299271344,0.4242755108407017,Fibrotic,110748,Inflammatory
V11Y24-010_A,ABCC2 - ABCC1,6.929028356628217,0.33329484376597035,0.36945586559210325,0.42450723629291337,Fibrotic,110748,Inflammatory
V11Y24-010_A,SLC16A10 - SLC43A1,5.082196284837337,0.331626647708224,0.37008559763902066,0.42452794175451297,Fibrotic,110748,Inflammatory
V11Y24-010_A,ABCG2 - SLC46A1,4.041756623803368,0.3265319416204212,0.37201096327397254,0.42530706316716627,Fibrotic,110748,Inflammatory
V11Y24-010_A,SLC4A10 - SLC5A3,5.444064124154202,0.32592096080487454,0.37224207821440236,0.42530706316716627,Fibrotic,110748,Inflammatory
V11Y24-010_A,SLC16A4 - SLC16A4,10.958199127858938,0.32413230365842444,0.3729189356116648,0.42530706316716627,Fibrotic,110748,Inflammatory
V11Y24-010_A,SLC16A10 - SLC6A16,2.6354622737243583,0.323347240750749,0.3732161404449629,0.42530706316716627,Fibrotic,110748,Inflammatory
V11Y24-010_A,SLC16A10 - SLC36A4,3.9025766781817035,0.3184691926524987,0.3750645299010249,0.42671276024805127,Fibrotic,110748,Inflammatory
V11Y24-010_A,SLC41A1 - SLC41A1,10.7089007783009,0.31675831388166825,0.37571349862702974,0.42675150253217453,Fibrotic,110748,Inflammatory
V11Y24-010_A,SLC38A9 - SLC16A10,4.312117569104107,0.31167097357861423,0.37764529480819536,0.4282448277726921,Fibrotic,110748,Inflammatory
V11Y24-010_A,ABCB1 - ABCB1,10.405606057619993,0.3077871667657326,0.37912214365467156,0.4284807645285279,Fibrotic,110748,Inflammatory
V11Y24-010_A,SLC19A2 - SLC19A2,10.403555251171749,0.3077265060120201,0.37914522445826715,0.4284807645285279,Fibrotic,110748,Inflammatory
V11Y24-010_A,SLC11A1 - CUBN,5.145879853230037,0.3053115666953255,0.380064433648823,0.4284807645285279,Fibrotic,110748,Inflammatory
V11Y24-010_A,ABCG2 - ABCB1,3.767609598639056,0.30076055818159997,0.38179854330507534,0.4284807645285279,Fibrotic,110748,Inflammatory
V11Y24-010_A,SLC38A9 - SLC38A9,10.161457498044626,0.30056550250076575,0.3818729203528797,0.4284807645285279,Fibrotic,110748,Inflammatory
V11Y24-010_A,SLC4A10 - SLC22A5,2.071275332041451,0.2996396963617848,0.3822260006525141,0.4284807645285279,Fibrotic,110748,Inflammatory
V11Y24-010_A,RBP4 - RBP4,10.113655678510476,0.29915157365133666,0.3824121984274121,0.4284807645285279,Fibrotic,110748,Inflammatory
V11Y24-010_A,SLC45A1 - SLC2A4,3.5361113565347315,0.2958957523836221,0.3836548475035777,0.4284807645285279,Fibrotic,110748,Inflammatory
V11Y24-010_A,SLC22A5 - SLC4A8,2.08930820634827,0.2956026739726676,0.38376676565937723,0.4284807645285279,Fibrotic,110748,Inflammatory
V11Y24-010_A,SLC22A5 - SLC6A8,2.9990983856262172,0.29492017784616775,0.38402742872729734,0.4284807645285279,Fibrotic,110748,Inflammatory
V11Y24-010_A,ABCG2 - ABCC3,2.454362670154679,0.291725386559296,0.3852482987178313,0.4291530004978731,Fibrotic,110748,Inflammatory
V11Y24-010_A,SLC2A11 - SLC2A11,9.788951443884926,0.2895471550467088,0.38608134996263255,0.4293917578110048,Fibrotic,110748,Inflammatory
V11Y24-010_A,SLC2A10 - SLC2A10,9.70392456845426,0.2870321471804843,0.38704385276136294,0.4297734941062174,Fibrotic,110748,Inflammatory
V11Y24-010_A,SLC1A3 - SLC16A10,5.634326263118005,0.2824457413922015,0.3888008727625603,0.4310348333821356,Fibrotic,110748,Inflammatory
V11Y24-010_A,ABCG2 - SLC19A1,2.8684246960995496,0.2781236681232888,0.39045871384343406,0.43202484792373563,Fibrotic,110748,Inflammatory
V11Y24-010_A,SLC12A7 - SLC12A5,7.603522925999368,0.27514979361323744,0.39160057878285703,0.43202484792373563,Fibrotic,110748,Inflammatory
V11Y24-010_A,ABCC3 - SLC19A1,2.8185504486030917,0.2732878400545006,0.3923159809595011,0.43202484792373563,Fibrotic,110748,Inflammatory
V11Y24-010_A,SLC2A13 - SLC2A13,9.222336073992286,0.2727872528959386,0.39250837940002525,0.43202484792373563,Fibrotic,110748,Inflammatory
V11Y24-010_A,CLCN4 - CLCN5,2.7659966281642734,0.2720118498679967,0.39280645394794983,0.43202484792373563,Fibrotic,110748,Inflammatory
V11Y24-010_A,SLC29A3 - SLC29A3,9.043194371367441,0.26748842486082247,0.39454656260841736,0.4321272892432646,Fibrotic,110748,Inflammatory
V11Y24-010_A,SLC2A4 - SLC2A4,8.988221784955542,0.26586239207351425,0.39517259488638784,0.4321272892432646,Fibrotic,110748,Inflammatory
V11Y24-010_A,SLC16A10 - SLC5A3,4.435438920231049,0.26553737823535095,0.39529775965379876,0.4321272892432646,Fibrotic,110748,Inflammatory
V11Y24-010_A,SLC38A7 - SLC38A7,8.949644547465478,0.26472131691047557,0.39561207732326575,0.4321272892432646,Fibrotic,110748,Inflammatory
V11Y24-010_A,SLC4A10 - SLC12A5,1.6415614741721498,0.263680906135711,0.3960129048396488,0.4321272892432646,Fibrotic,110748,Inflammatory
V11Y24-010_A,SLC16A10 - SLC4A8,1.7533918656007224,0.2480760485306304,0.4020377834889443,0.4380129069722564,Fibrotic,110748,Inflammatory
V11Y24-010_A,SLC16A10 - SLC38A6,2.7134570416776045,0.24472765900335733,0.40333365517240316,0.4387359822721752,Fibrotic,110748,Inflammatory
V11Y24-010_A,CRABP2 - CRABP2,8.010283676000062,0.2369359846964806,0.40635322647274946,0.4413288562943476,Fibrotic,110748,Inflammatory
V11Y24-010_A,AQP7 - AQP7,7.3662115980057585,0.21788499247353207,0.4137593602573719,0.4486703062790877,Fibrotic,110748,Inflammatory
V11Y24-010_A,SLC46A1 - SLC46A1,6.857139885542971,0.2028271727567496,0.4196350592797303,0.4535119517974459,Fibrotic,110748,Inflammatory
V11Y24-010_A,ABCB1 - ABCC2,2.524204548825321,0.20150207955290012,0.42015300176669224,0.4535119517974459,Fibrotic,110748,Inflammatory
V11Y24-010_A,SLC15A2 - SLC15A2,6.809599712852188,0.2014209831528933,0.42018470461924745,0.4535119517974459,Fibrotic,110748,Inflammatory
V11Y24-010_A,SLC16A10 - SLC16A5,1.5903327751813223,0.1962020860149737,0.42222599769344504,0.45500751925349514,Fibrotic,110748,Inflammatory
V11Y24-010_A,SLC16A10 - SLC1A1,1.2924575313536948,0.19200482049855896,0.4238692147346109,0.45607013182297673,Fibrotic,110748,Inflammatory
V11Y24-010_A,SLC6A1 - SLC6A8,1.9169272737725986,0.18850349665375854,0.42524098735968596,0.45683784090963164,Fibrotic,110748,Inflammatory
V11Y24-010_A,SLC6A8 - SLC6A8,5.860623482364556,0.17335123846984124,0.4311876754042546,0.46227083855298473,Fibrotic,110748,Inflammatory
V11Y24-010_A,SLC19A1 - SLC19A1,5.822540431401749,0.1722247808379906,0.4316304083318935,0.46227083855298473,Fibrotic,110748,Inflammatory
V11Y24-010_A,SLC22A5 - ABCC2,1.158220364874385,0.16755319444129363,0.4334673979656001,0.46352291862577266,Fibrotic,110748,Inflammatory
V11Y24-010_A,AQP9 - AQP9,5.368571886154394,0.1587968563549064,0.436914462825052,0.4660076368286182,Fibrotic,110748,Inflammatory
V11Y24-010_A,SLC26A6 - SLC26A6,5.349735319739233,0.15823969001818244,0.43713396480609573,0.4660076368286182,Fibrotic,110748,Inflammatory
V11Y24-010_A,SLC30A4 - SLC30A4,5.182771191666167,0.15330106216252884,0.4390804315459581,0.46736475382345843,Fibrotic,110748,Inflammatory
V11Y24-010_A,SLC24A1 - SLC24A1,5.078564152877606,0.15021872471402523,0.4402960266669949,0.46767508090357673,Fibrotic,110748,Inflammatory
V11Y24-010_A,SLC41A2 - SLC41A2,4.994047765676715,0.1477188165666484,0.4412823405404233,0.46767508090357673,Fibrotic,110748,Inflammatory
V11Y24-010_A,CUBN - SLC41A2,1.5475007645214367,0.14743680536540824,0.44139362823032097,0.46767508090357673,Fibrotic,110748,Inflammatory
V11Y24-010_A,SLC38A6 - SLC38A6,4.881358450648294,0.1443855820769601,0.4425980006735736,0.4682362994930793,Fibrotic,110748,Inflammatory
V11Y24-010_A,SLC4A10 - SLC16A10,0.9398393114006515,0.1396205862903423,0.44447988721793513,0.4695114790399498,Fibrotic,110748,Inflammatory
V11Y24-010_A,SLC27A5 - SLC27A5,4.476579203912397,0.13241262664999817,0.4473289639964959,0.4718028890783711,Fibrotic,110748,Inflammatory
V11Y24-010_A,ATP7A - ATP7A,4.383746318931211,0.12966672501843246,0.44841505492288314,0.4722307255181804,Fibrotic,110748,Inflammatory
V11Y24-010_A,SLC36A4 - SLC36A4,4.02203529212288,0.11896768341405295,0.4526504794054598,0.47491399244530874,Fibrotic,110748,Inflammatory
V11Y24-010_A,FLVCR1 - FLVCR1,4.014300285254657,0.11873888983531271,0.4527411124255621,0.47491399244530874,Fibrotic,110748,Inflammatory
V11Y24-010_A,CLCN5 - CLCN5,3.990846537191083,0.11804515199567593,0.453015940920453,0.47491399244530874,Fibrotic,110748,Inflammatory
V11Y24-010_A,ABCG2 - ABCC2,0.7258837879908353,0.11099222690196425,0.4558112553400914,0.4771236971433235,Fibrotic,110748,Inflammatory
V11Y24-010_A,ABCC3 - ABCC3,3.088230149422942,0.0913466839651633,0.46360856228829345,0.4845547322711983,Fibrotic,110748,Inflammatory
V11Y24-010_A,SCNN1B - SCNN1B,2.860896759069207,0.08462239517883302,0.4662807970747387,0.48617407418668623,Fibrotic,110748,Inflammatory
V11Y24-010_A,SLC45A1 - SLC45A1,2.7975293361567175,0.08274805172824673,0.46702593805112264,0.48617407418668623,Fibrotic,110748,Inflammatory
V11Y24-010_A,SLC36A1 - SLC36A1,2.7704382366825735,0.0819467247603082,0.46734453918534746,0.48617407418668623,Fibrotic,110748,Inflammatory
V11Y24-010_A,SLC22A5 - SLC16A10,0.5557606450915543,0.0803987516140275,0.4679600598799804,0.48617407418668623,Fibrotic,110748,Inflammatory
V11Y24-010_A,SLC22A3 - SLC22A3,2.3711826244432697,0.07013715278285819,0.4720422479279308,0.48968209276828695,Fibrotic,110748,Inflammatory
V11Y24-010_A,CLCN4 - CLCN4,2.1457045757152926,0.06346774310104258,0.4746970223581121,0.49170109480079077,Fibrotic,110748,Inflammatory
V11Y24-010_A,SLC6A16 - SLC6A16,1.8538656387935457,0.05483544633238971,0.4781347803922426,0.49452390103161903,Fibrotic,110748,Inflammatory
V11Y24-010_A,SLC36A1 - SLC16A10,0.5842122699973668,0.05051865670119606,0.4798545412443563,0.49491863683398757,Fibrotic,110748,Inflammatory
V11Y24-010_A,SLC29A2 - SLC29A2,1.6645514000041088,0.049235725099166364,0.4803657206334253,0.49491863683398757,Fibrotic,110748,Inflammatory
V11Y24-010_A,AMN - AMN,1.6109909679353083,0.047651462390591835,0.4809970087626957,0.49491863683398757,Fibrotic,110748,Inflammatory
V11Y24-010_A,SLC14A1 - SLC14A1,1.5158872490875805,0.044838391819695934,0.482118061802555,0.49491863683398757,Fibrotic,110748,Inflammatory
V11Y24-010_A,SLC6A1 - SLC6A1,1.4788564682584702,0.04374305926036189,0.48255460786042054,0.49491863683398757,Fibrotic,110748,Inflammatory
V11Y24-010_A,SLC6A9 - SLC6A9,1.3529545648761987,0.040019009943305046,0.4840389853445883,0.49491863683398757,Fibrotic,110748,Inflammatory
V11Y24-010_A,SLC16A9 - SLC16A9,1.2959006829261726,0.03833141456624139,0.48471172199128454,0.49491863683398757,Fibrotic,110748,Inflammatory
V11Y24-010_A,SLC22A5 - SLC16A9,0.26243346433043957,0.037964766127756164,0.48485788716052813,0.49491863683398757,Fibrotic,110748,Inflammatory
V11Y24-010_A,SLC4A10 - SLC4A10,1.1956113057680842,0.03536495753516979,0.48589436352931265,0.49491863683398757,Fibrotic,110748,Inflammatory
V11Y24-010_A,SLC16A5 - SLC16A5,1.1207072504920328,0.0331493723184109,0.4867777354733797,0.49491863683398757,Fibrotic,110748,Inflammatory
V11Y24-010_A,SLC1A1 - SLC1A1,1.0609447868577506,0.03138165987003641,0.4874825836255453,0.49491863683398757,Fibrotic,110748,Inflammatory
V11Y24-010_A,SLC16A6 - SLC16A6,0.9986355196614871,0.029538615581468232,0.4882175107937847,0.49491863683398757,Fibrotic,110748,Inflammatory
V11Y24-010_A,SLC22A5 - SLC22A5,0.9898487959534394,0.02927871329607729,0.4883211519761656,0.49491863683398757,Fibrotic,110748,Inflammatory
V11Y24-010_A,SLC47A1 - SLC47A1,0.9746536528023801,0.028829256528910958,0.48850038361856124,0.49491863683398757,Fibrotic,110748,Inflammatory
V11Y24-010_A,MFSD2A - MFSD2A,0.8064074702600149,0.023852706815504925,0.49048504901563006,0.496204991278203,Fibrotic,110748,Inflammatory
V11Y24-010_A,ABCC2 - ABCC2,0.7200238247866915,0.021297567081413265,0.4915041422939271,0.4965121903231228,Fibrotic,110748,Inflammatory
V11Y24-010_A,ABCG2 - ABCG2,0.5991032784240851,0.017720861201657556,0.4929307692139566,0.4969006306043201,Fibrotic,110748,Inflammatory
V11Y24-010_A,SLC29A4 - SLC29A4,0.5660580640910318,0.01674341761611179,0.4933206548795051,0.4969006306043201,Fibrotic,110748,Inflammatory
V11Y24-010_A,SLC16A10 - SLC16A10,0.46206114487656996,0.013667295289345061,0.49454770779432855,0.49702790825684373,Fibrotic,110748,Inflammatory
V11Y24-010_A,SLC19A3 - SLC19A3,0.433952210617111,0.012835861811216452,0.49487937263037324,0.49702790825684373,Fibrotic,110748,Inflammatory
V11Y24-010_A,SLC12A5 - SLC12A5,0.18137775425547342,0.00536496815154197,0.4978596976386932,0.49883655814085137,Fibrotic,110748,Inflammatory
V11Y24-010_A,SLC4A8 - SLC4A8,0.15950720568634633,0.0047180597309820224,0.49811777347494235,0.49883655814085137,Fibrotic,110748,Inflammatory
V11Y24-010_A,CUBN - CUBN,0.0,0.0,0.5,0.5,Fibrotic,110748,Inflammatory
