annotation2v2,status,fraction,n_cells,bile_acid_transport_mean,ecm_remodeling_mean,epithelial_repair_mean,fatty_acid_metabolism_mean,glycolysis_mean,hypoxia_mean,inflammation_mean,oxidative_phosphorylation_mean,retinoid_vitamin_a_mean,epithelial_bile_urea_transport_mean,fibrotic_amino_acid_transport_mean
Arterial endothelium,F,epi,6,0.0040901327,0.1438504,0.046927214,0.07546053,0.27549937,0.17583387,0.067859046,0.18567729,0.030923204,0.0068687648,0.014367342
Arterial endothelium,F,imu,720,0.004560449,0.17645478,0.045629982,0.06390088,0.2421616,0.2068796,0.1370041,0.21157476,0.027645476,0.015006047,0.096964814
Arterial endothelium,H,epi,11,0.027188694,0.10975435,0.08007206,0.12224092,0.17837708,0.1700772,0.074515074,0.208983,0.048448037,0.041279044,0.05799482
Arterial endothelium,H,imu,298,0.006196546,0.14224683,0.045337006,0.06587601,0.1984297,0.2204162,0.25068277,0.16378641,0.047172233,0.017520092,0.073507294
Arterial endothelium,I,imu,311,0.0038273898,0.24189425,0.02193499,0.075248,0.27476484,0.22640829,0.16166422,0.19002053,0.027492134,0.015823923,0.13517842
Arterial endothelium,N,imu,875,0.008403524,0.14411171,0.053399276,0.06995719,0.1955082,0.18300441,0.22879733,0.19358037,0.025948709,0.014136568,0.08197706
B cells,F,epi,2698,0.0012193746,0.003224905,0.026036039,0.031580806,0.106543005,0.0686017,0.02688453,0.15408064,0.0013674404,0.0046394384,0.028527917
B cells,F,imu,11972,0.0005185407,0.0039388244,0.0107297255,0.02628974,0.09990736,0.07043608,0.034185078,0.15932463,0.002441059,0.0043626255,0.026905395
B cells,H,epi,781,0.044325426,0.0040164352,0.008869725,0.03064257,0.11651948,0.068242505,0.037066687,0.18415074,0.0041977433,0.0042658653,0.029435411
B cells,H,imu,4428,0.0041155834,0.004192656,0.015908347,0.028841257,0.0924758,0.07057622,0.028898278,0.14279877,0.0030174735,0.005260059,0.02827832
B cells,I,epi,12,0.0,0.0055686575,0.03757949,0.055620972,0.22806753,0.14650239,0.096506275,0.2909771,0.004222032,0.0,0.005133279
B cells,I,imu,255,0.00040067965,0.004721867,0.024137763,0.029834254,0.123652495,0.07841623,0.06108639,0.15095447,0.0057415958,0.0030095633,0.035828505
B cells,N,epi,560,0.006601126,0.0021479565,0.029025443,0.042290542,0.13739884,0.07802313,0.018012354,0.18438388,0.0011429526,0.0033577073,0.018731253
B cells,N,imu,6507,0.005255416,0.0026112972,0.02122298,0.030240031,0.12214083,0.0758449,0.023217335,0.16518202,0.0031404048,0.0036516953,0.02309344
CCR7hi CD4 T cells,F,epi,2230,0.00068760157,0.005439823,0.00701094,0.024988487,0.09497847,0.06896172,0.040833265,0.14257517,0.00077731325,0.0019970932,0.025825115
CCR7hi CD4 T cells,F,imu,7804,0.00056896626,0.005110759,0.0080645,0.019813666,0.08941804,0.07257548,0.041317746,0.13392878,0.0014241834,0.0030978846,0.028783469
CCR7hi CD4 T cells,H,epi,158,0.03715263,0.009312078,0.0052295937,0.01448181,0.10327724,0.06980276,0.044839136,0.1325361,0.0018993082,0.0051101646,0.03717121
CCR7hi CD4 T cells,H,imu,572,0.005924122,0.008404055,0.023986623,0.022974918,0.111494824,0.07972109,0.044232953,0.13502495,0.0027424768,0.0019172638,0.026565952
CCR7hi CD4 T cells,I,epi,8,0.0,0.0,0.07258602,0.04438181,0.043929875,0.023579217,0.11116936,0.054944966,0.0032972468,0.0,0.044730667
CCR7hi CD4 T cells,I,imu,86,0.0,0.004054107,0.013064709,0.02389698,0.076192364,0.070416786,0.059234787,0.1150492,0.0036432226,0.0060297325,0.03118347
CCR7hi CD4 T cells,N,epi,112,0.0016853849,0.0040699267,0.053752244,0.02627641,0.080877475,0.06678075,0.05407972,0.107378185,0.0023023176,0.002628747,0.026946006
CCR7hi CD4 T cells,N,imu,1784,0.003063487,0.005370856,0.028009081,0.01882125,0.0957374,0.06422919,0.0305058,0.13340694,0.0012742901,0.0048736613,0.022592848
CD4 T cells,F,epi,39,0.0037983262,0.0032310958,0.008029056,0.032960087,0.100220144,0.07879812,0.11376812,0.10859755,0.0,0.005883437,0.08923662
CD4 T cells,F,imu,2838,0.00088385254,0.011729649,0.019600986,0.024165591,0.12806375,0.094136156,0.09465856,0.13753381,0.0029583191,0.015839461,0.06314787
CD4 T cells,H,epi,985,0.01761239,0.016076326,0.031617247,0.038461376,0.16003649,0.12453731,0.054929692,0.16840623,0.004262568,0.02266476,0.051300682
CD4 T cells,H,imu,2158,0.009501822,0.01051469,0.037680585,0.029835673,0.16719298,0.12874791,0.08410428,0.16796021,0.0032423758,0.013068388,0.04859538
CD4 T cells,I,epi,1,0.0,0.0,0.0,0.0,0.0,0.12019365,0.2403873,0.0,0.0,0.0,0.28870082
CD4 T cells,I,imu,654,0.0010984421,0.010264627,0.010640227,0.026647547,0.17227177,0.117033966,0.10419258,0.16617769,0.0048376727,0.011620542,0.061718885
CD4 T cells,N,epi,15,0.018120043,0.013720092,0.09424956,0.03514547,0.056440074,0.048498668,0.057995338,0.032289423,0.0,0.020247936,0.07289851
CD4 T cells,N,imu,5971,0.006157217,0.011243609,0.020727197,0.027551953,0.13564102,0.0987154,0.06866915,0.12419859,0.0034027682,0.02193246,0.047289662
CD63+CD81+ macrophage,F,epi,132,0.027348617,0.06428847,0.04024816,0.05985466,0.33936223,0.23298615,0.31060004,0.2818391,0.019066095,0.0073070535,0.12388708
CD63+CD81+ macrophage,F,imu,861,0.011080643,0.07039352,0.026435751,0.06618393,0.30858383,0.24171239,0.4548023,0.2778027,0.023364373,0.0074919444,0.16523868
CD63+CD81+ macrophage,H,epi,6,0.09813545,0.04530865,0.040060148,0.06903037,0.2843244,0.13395749,0.34582445,0.42521226,0.02753976,0.028998666,0.113330044
CD63+CD81+ macrophage,H,imu,32,0.027287396,0.07962166,0.03134201,0.06515879,0.22997476,0.15998936,0.4480645,0.21584234,0.011498313,0.016617522,0.13447712
CD63+CD81+ macrophage,I,imu,289,0.014055937,0.042250704,0.013759848,0.079661496,0.25260738,0.19762366,0.3215994,0.27713603,0.04486102,0.0079072425,0.20071104
CD63+CD81+ macrophage,N,epi,1,0.0,0.06318596,0.022231285,0.04446257,0.2613223,0.19478501,0.37857854,0.39299855,0.09148398,0.0,0.14969577
CD63+CD81+ macrophage,N,imu,237,0.016393997,0.06004332,0.028803295,0.07297014,0.23511423,0.16985513,0.37435263,0.27502394,0.028648116,0.008914798,0.16250493
CD69+ CD4 T cells,F,epi,1,0.0,0.0,0.1600898,0.07186557,0.22586325,0.31620854,0.0,0.24323735,0.0,0.0,0.0
CD69+ CD4 T cells,F,imu,81,0.0009687357,0.008308358,0.1066241,0.02769948,0.12651472,0.10301097,0.08833734,0.12305747,0.0006248285,0.015537224,0.06139375
CD69+ CD4 T cells,H,epi,11,0.028742248,0.007078293,0.20485906,0.0477092,0.13096677,0.13529965,0.006586069,0.11420262,0.0026832796,0.05731447,0.038744688
CD69+ CD4 T cells,H,imu,502,0.0023825753,0.005582654,0.08685242,0.024247998,0.115244254,0.09096818,0.071320966,0.12680335,0.0023437145,0.0055552186,0.042172153
CD69+ CD4 T cells,N,epi,5,0.0,0.0072683683,0.17288753,0.0,0.17069831,0.12506089,0.14802253,0.12974447,0.0,0.055608906,0.06715826
CD69+ CD4 T cells,N,imu,562,0.0044639925,0.007764649,0.13089241,0.021021144,0.11675195,0.10411358,0.07077055,0.10581814,0.0014658561,0.02313997,0.074478604
CD8 intraepithelial cells,F,epi,1487,0.017137835,0.006261385,0.16404048,0.061424747,0.18479477,0.101820454,0.03700339,0.16710362,0.002570513,0.014275963,0.025666349
CD8 intraepithelial cells,F,imu,424,0.005182015,0.007864419,0.13675882,0.041248,0.1672999,0.09923607,0.047896754,0.1738444,0.0033747274,0.017651962,0.031495754
CD8 intraepithelial cells,H,epi,1730,0.03412467,0.0040262295,0.056899168,0.04008031,0.09808747,0.05844263,0.020327786,0.13271432,0.0019589674,0.026543455,0.023618342
CD8 intraepithelial cells,H,imu,1086,0.022588942,0.005681499,0.04952729,0.03703145,0.13801624,0.09027256,0.042208206,0.13352104,0.0027926161,0.03477877,0.034660496
CD8 intraepithelial cells,I,epi,17,0.0,0.0,0.07236157,0.05385703,0.1958456,0.101822704,0.12469513,0.17628533,0.0,0.009086021,0.020789426
CD8 intraepithelial cells,I,imu,15,0.0020039747,0.0059622005,0.05074483,0.04266996,0.13425398,0.045116067,0.08260675,0.19511457,0.011532368,0.005510931,0.049120486
CD8 intraepithelial cells,N,epi,1845,0.04389006,0.006459021,0.10107646,0.050811496,0.14957644,0.08157928,0.03424264,0.15970887,0.003048047,0.016208898,0.025960324
CD8 intraepithelial cells,N,imu,1147,0.058734577,0.006153765,0.12452518,0.068043984,0.14702491,0.08085455,0.036483824,0.16559303,0.0029573643,0.023986064,0.027143419
CXCR6-hi CD4 T cells,F,epi,790,0.00070825545,0.0119759645,0.021513175,0.043808322,0.23386487,0.14307065,0.10139691,0.1964783,0.0016083458,0.0077439277,0.059095528
CXCR6-hi CD4 T cells,F,imu,1325,0.000615549,0.014069521,0.0184566,0.030792449,0.21034057,0.12853904,0.116654605,0.19500795,0.0020617477,0.005946519,0.06698829
CXCR6-hi CD4 T cells,H,imu,8,0.016824303,0.007694024,0.01686031,0.033485398,0.11108219,0.13325581,0.07891707,0.073710896,0.0,0.008442398,0.079674624
CXCR6-hi CD4 T cells,I,epi,20,0.002885291,0.00756958,0.06727643,0.041790403,0.28014272,0.16572773,0.101025805,0.23254569,0.007847438,0.0068616765,0.0450626
CXCR6-hi CD4 T cells,I,imu,19,0.0,0.016625598,0.01069722,0.027803008,0.13806091,0.08230493,0.08239976,0.1498393,0.009489397,0.023252452,0.045182493
CXCR6-hi CD4 T cells,N,epi,33,0.0015047193,0.021857345,0.09479115,0.04003748,0.21647768,0.12975942,0.1027411,0.22863209,0.0009800288,0.0116230445,0.04252018
CXCR6-hi CD4 T cells,N,imu,78,0.0005473878,0.012001334,0.033881485,0.034771085,0.21589157,0.14699326,0.13337767,0.18853015,0.0025445856,0.013511679,0.054707993
Collagen-hi tissue fibroblast,F,epi,2,0.0,0.7725811,0.26878053,0.08006887,0.28101602,0.28778473,0.14020026,0.17668982,0.11653157,0.0,0.06630173
Collagen-hi tissue fibroblast,F,imu,54,0.0078039523,1.2892554,0.046169505,0.049574647,0.20689914,0.20350635,0.14160974,0.17574845,0.099848375,0.0015041643,0.08049544
Collagen-hi tissue fibroblast,H,imu,1,0.0,1.6002128,0.0,0.11437553,0.08986649,0.12581308,0.10122236,0.0,0.057187766,0.0,0.0
Collagen-hi tissue fibroblast,N,epi,2,0.0,0.995831,0.0,0.052176088,0.47934073,0.30229247,0.36178926,0.052684028,0.19271088,0.0,0.1505175
Collagen-hi tissue fibroblast,N,imu,52,0.010988296,0.9210258,0.02999861,0.066395216,0.3265754,0.2920859,0.34691456,0.2808455,0.088803634,0.002290223,0.07614264
Colonocytes-CAECAM-hi,F,epi,7034,0.031202225,0.008569149,0.41850504,0.30121562,0.17291732,0.13626856,0.07625926,0.16487549,0.013839263,0.08416906,0.029737048
Colonocytes-CAECAM-hi,F,imu,1158,0.075108334,0.010195728,0.42873156,0.4043556,0.29071373,0.18726784,0.041108422,0.34379107,0.016694525,0.122263245,0.039966997
Colonocytes-CAECAM-hi,H,epi,1048,0.047089383,0.00079325895,0.31254664,0.46092582,0.22625692,0.150996,0.013654366,0.43284282,0.020735528,0.08623162,0.04360728
Colonocytes-CAECAM-hi,H,imu,865,0.05825472,0.0016366016,0.30031085,0.4108062,0.21696076,0.16615418,0.026553782,0.31889212,0.017877458,0.1237307,0.06338099
Colonocytes-CAECAM-hi,I,epi,1,0.0,0.0,0.17265952,0.5506863,0.3752448,0.263867,0.07394153,0.14609651,0.06721957,0.12323588,0.0
Colonocytes-CAECAM-hi,I,imu,16,0.06074704,0.00087143644,0.34444833,0.4022882,0.418415,0.2904242,0.055240132,0.42477873,0.015728045,0.13789834,0.028313715
Colonocytes-CAECAM-hi,N,epi,2454,0.087239124,0.0021058968,0.39685643,0.45862538,0.22968243,0.15773584,0.0190327,0.49794018,0.015903935,0.110300176,0.02017649
Colonocytes-CAECAM-hi,N,imu,1739,0.061568055,0.005411283,0.38189325,0.43647945,0.24162804,0.14241464,0.037541687,0.38630736,0.017912803,0.11826367,0.03943505
Colonocytes-LGALS4-hi,F,epi,8985,0.055596214,0.009367967,1.0129478,0.27846363,0.32572058,0.16677722,0.019107513,0.5361286,0.037894458,0.034026474,0.012419753
Colonocytes-LGALS4-hi,F,imu,2099,0.030667378,0.005838504,0.70038676,0.189247,0.26092428,0.13096014,0.031118551,0.43221858,0.027638463,0.027908262,0.012483261
Colonocytes-LGALS4-hi,H,epi,1640,0.03442598,0.0009929382,0.4243846,0.3279441,0.23265402,0.097153865,0.0061459523,0.47797513,0.02723362,0.015119518,0.0073695485
Colonocytes-LGALS4-hi,H,imu,1299,0.14162377,0.0015118979,0.80487204,0.31221187,0.23173358,0.09927177,0.009524924,0.4671154,0.034476615,0.03486798,0.015379909
Colonocytes-LGALS4-hi,I,epi,200,0.0049764533,0.008698079,0.614166,0.16926752,0.34515354,0.17444092,0.07136623,0.45267364,0.038390633,0.010895725,0.014394384
Colonocytes-LGALS4-hi,I,imu,25,0.009540854,0.02302719,0.95347595,0.13844794,0.32208645,0.14796674,0.030669136,0.4705815,0.023752213,0.02501949,0.015099862
Colonocytes-LGALS4-hi,N,epi,2518,0.06470006,0.0077946875,0.69618165,0.24559742,0.31015795,0.15243146,0.022014419,0.52095467,0.028090864,0.027803507,0.013156832
Colonocytes-LGALS4-hi,N,imu,2691,0.05587075,0.004304789,0.6014656,0.20316452,0.24535613,0.11452532,0.02183711,0.44956332,0.022907207,0.029433725,0.01153211
Contractile pericytes,F,imu,125,0.0035707678,0.5573174,0.06788735,0.067682825,0.1658574,0.10809079,0.08463487,0.24304917,0.014919451,0.0009223273,0.045587182
Contractile pericytes,H,epi,1,0.04311393,0.5382123,0.08622786,0.08622786,0.18616396,0.04742532,0.04742532,0.4760148,0.0,0.079042196,0.079042196
Contractile pericytes,H,imu,40,0.0064121755,0.58506,0.01812324,0.04891104,0.18263403,0.11588569,0.0954746,0.24977191,0.013280432,0.0,0.06472717
Contractile pericytes,I,imu,1,0.0,0.34999412,0.0,0.20188284,0.16170853,0.12944941,0.16800751,0.19915295,0.0,0.0,0.080785446
Contractile pericytes,N,imu,91,0.0065522227,0.58507985,0.074942656,0.07754704,0.18870848,0.105986156,0.06701611,0.2378395,0.013836968,0.0033538693,0.056035418
Cycling B cells,F,epi,628,0.0009051217,0.003062377,0.046919495,0.049351834,0.29513183,0.15334864,0.02101269,0.29071367,0.0010100028,0.0009276245,0.03033601
Cycling B cells,F,imu,1554,0.00076093076,0.0022207438,0.04728278,0.054373454,0.3097785,0.15899177,0.036111128,0.29901126,0.0013188806,0.0009384013,0.033872295
Cycling B cells,H,epi,8,0.030429497,0.00194166,0.08551973,0.028996062,0.36510357,0.19443835,0.018385498,0.39239615,0.0021181745,0.0,0.017979454
Cycling B cells,H,imu,508,0.0044714874,0.0011361631,0.06461254,0.061774448,0.2514266,0.14050907,0.026685115,0.25478044,0.0013453122,0.002892343,0.034805335
Cycling B cells,I,imu,1,0.0,0.0,0.16035259,0.023577414,0.42650545,0.20092022,0.098380655,0.25597906,0.0,0.0,0.0
Cycling B cells,N,epi,401,0.005407701,0.0011470709,0.07170817,0.062538065,0.24142867,0.115053646,0.017711319,0.27510083,0.0017673256,0.004012465,0.026947299
Cycling B cells,N,imu,2360,0.004206722,0.0014509873,0.050023973,0.05579384,0.29929864,0.14414631,0.024152623,0.3046186,0.0010572707,0.001216468,0.02686649
Cycling T cells,F,epi,165,0.0015283253,0.0075349156,0.11910807,0.06370582,0.41599518,0.24315934,0.05714049,0.30404106,0.0007596528,0.0075837527,0.08710788
Cycling T cells,F,imu,489,0.0004061297,0.0119798705,0.08669464,0.059657138,0.42677507,0.25512958,0.09338711,0.3367145,0.0017806164,0.003476278,0.08255667
Cycling T cells,H,epi,11,0.0,0.012387886,0.16018891,0.06885717,0.2516613,0.1567453,0.059795633,0.24302553,0.0016393729,0.0055123973,0.06389295
Cycling T cells,H,imu,19,0.00235105,0.008905397,0.13255109,0.05071166,0.2366242,0.14067043,0.040991567,0.20284185,0.0,0.02074878,0.04359678
Cycling T cells,I,imu,30,0.0,0.0056027,0.084254846,0.06664545,0.4413918,0.24747986,0.11922881,0.35866007,0.00045632283,0.0046698838,0.079808086
Cycling T cells,N,epi,35,0.02406,0.010816749,0.14731446,0.05064074,0.30463648,0.15962338,0.038004678,0.26186964,0.00068688905,0.02079909,0.0785116
Cycling T cells,N,imu,90,0.012558112,0.009452933,0.110722214,0.068655245,0.350395,0.19511218,0.07734133,0.27060306,0.0030372066,0.0077934894,0.0723407
Cycling endothelium,F,imu,9,0.0025213815,0.12249133,0.100802116,0.08156395,0.30605876,0.26435584,0.11446594,0.19316727,0.023520496,0.005512917,0.12584561
Cycling endothelium,H,epi,2,0.035512805,0.07762234,0.22312735,0.16684464,0.30796385,0.22873962,0.023984725,0.27952608,0.07388161,0.027415967,0.052022357
Cycling endothelium,I,imu,2,0.0,0.18163422,0.1012529,0.092656955,0.19247188,0.2083387,0.107779875,0.1265389,0.019781156,0.0,0.19373149
Cycling endothelium,N,imu,1,0.0,0.07113086,0.30824906,0.09202403,0.32838315,0.25069916,0.0,0.26214615,0.12576103,0.0,0.0
Cycling myeloid,F,epi,3,0.0,0.005626188,0.06360947,0.0694667,0.48905602,0.30104753,0.032187294,0.41552472,0.0015370683,0.0,0.047654912
Cycling myeloid,F,imu,80,0.0036396314,0.04223629,0.087013364,0.08942558,0.37007192,0.23035789,0.22335546,0.33783227,0.01253677,0.0027503544,0.13239989
Cycling myeloid,H,epi,15,0.032985784,0.021014221,0.15379113,0.12376837,0.30615205,0.18965772,0.20057516,0.30239353,0.008593279,0.015671456,0.092784934
Cycling myeloid,H,imu,21,0.0020852066,0.046773415,0.12485534,0.07964802,0.20207778,0.10365117,0.2948119,0.24525526,0.011633204,0.0,0.15487583
Cycling myeloid,I,imu,6,0.0057763406,0.016832078,0.07477995,0.060186084,0.39955983,0.3250895,0.37001574,0.3857696,0.013508309,0.0,0.1873277
Cycling myeloid,N,epi,2,0.0,0.0,0.12261972,0.034419533,0.29943502,0.19404042,0.037861485,0.37390846,0.034419533,0.0,0.06310248
Cycling myeloid,N,imu,112,0.007688227,0.035389643,0.086632095,0.10594483,0.30868524,0.21457578,0.29304275,0.3229839,0.01699414,0.0044678566,0.1290501
Dendritic cell - CCR7-hi,F,epi,97,0.0017786059,0.010794709,0.010332911,0.03288174,0.26324445,0.16088404,0.10972296,0.20208487,0.0029043765,0.001066045,0.037800495
Dendritic cell - CCR7-hi,F,imu,285,0.000927542,0.01892244,0.023171812,0.042038392,0.25147516,0.15724114,0.16779254,0.20234312,0.0023805078,0.0011757468,0.07548463
Dendritic cell - CCR7-hi,H,epi,2,0.0,0.009310067,0.01706984,0.040114988,0.15539013,0.11427687,0.11444918,0.20674637,0.0,0.0,0.09886741
Dendritic cell - CCR7-hi,H,imu,14,0.025286363,0.063773714,0.04154141,0.04897317,0.274569,0.20775422,0.25680366,0.21291813,0.0025731833,0.0018726654,0.07338225
Dendritic cell - CCR7-hi,I,epi,6,0.0,0.0,0.07094678,0.0,0.1936316,0.21310925,0.14277992,0.22779769,0.0,0.0,0.069555834
Dendritic cell - CCR7-hi,I,imu,26,0.0028420293,0.03900718,0.011133635,0.053728737,0.28610474,0.19747004,0.22254553,0.16128118,0.0035563791,0.0,0.14012973
Dendritic cell - CCR7-hi,N,epi,7,0.0,0.011201993,0.11238792,0.03833276,0.20469935,0.122002825,0.14571275,0.19790962,0.0013793639,0.0,0.02600853
Dendritic cell - CCR7-hi,N,imu,80,0.0061447723,0.024616277,0.024337053,0.039766766,0.23711924,0.15987068,0.16501628,0.18362918,0.0030444893,0.004629344,0.07175727
Dendritic cell - cDC1,F,epi,24,0.0064753755,0.010092207,0.027057648,0.06702406,0.31265083,0.18634586,0.07157373,0.31474033,0.004981279,0.0033938643,0.036406506
Dendritic cell - cDC1,F,imu,237,0.0002541169,0.024603456,0.02523783,0.05132145,0.26349968,0.16212846,0.07937716,0.28347862,0.003796468,0.00073398306,0.048495457
Dendritic cell - cDC1,H,epi,26,0.015945392,0.024879357,0.03817413,0.05738262,0.22755115,0.16658688,0.11152218,0.228813,0.005802964,0.0014989909,0.09489073
Dendritic cell - cDC1,H,imu,38,0.012139373,0.016415235,0.041675936,0.06755846,0.18063329,0.12854636,0.09545715,0.19669345,0.004466849,0.019945288,0.037085563
Dendritic cell - cDC1,I,epi,3,0.0,0.0,0.0,0.04037052,0.1935385,0.12423698,0.09654517,0.1202414,0.03068122,0.0,0.0
Dendritic cell - cDC1,I,imu,20,0.0014287622,0.039223738,0.018179322,0.07348381,0.327451,0.21650963,0.10312204,0.2870373,0.008293638,0.0014432224,0.056902815
Dendritic cell - cDC1,N,epi,2,0.0,0.0,0.0,0.0,0.2239168,0.23621932,0.052272033,0.16083704,0.0,0.0,0.0
Dendritic cell - cDC1,N,imu,169,0.0033365386,0.028752167,0.031174064,0.058303468,0.23072077,0.1409753,0.068729244,0.25203952,0.0063231676,0.0036765782,0.05092085
Dendritic cell - cDC2,F,epi,90,0.008645386,0.038742837,0.0388034,0.079524525,0.24063303,0.17237273,0.12504518,0.21529242,0.011550508,0.017176228,0.095223725
Dendritic cell - cDC2,F,imu,453,0.0021944658,0.061464533,0.025863776,0.07395999,0.25096554,0.19075853,0.19631818,0.26721793,0.012016363,0.0041195466,0.10592007
Dendritic cell - cDC2,H,epi,93,0.011369709,0.056372326,0.032332066,0.09625153,0.19462171,0.16436104,0.2520543,0.23013824,0.012340178,0.012680207,0.09745745
Dendritic cell - cDC2,H,imu,176,0.004644211,0.066324554,0.03271127,0.07495095,0.20288906,0.15038559,0.20109673,0.21567202,0.009392966,0.008363298,0.109618336
Dendritic cell - cDC2,I,epi,10,0.010272173,0.050688274,0.01779599,0.09274012,0.29580525,0.17456794,0.04876227,0.30513307,0.009701963,0.024288008,0.08223313
Dendritic cell - cDC2,I,imu,29,0.0010141272,0.06786202,0.0148383025,0.06664567,0.26757935,0.166688,0.20208527,0.23052977,0.021179758,0.001859233,0.16006298
Dendritic cell - cDC2,N,epi,41,0.023842152,0.03014088,0.078105375,0.065763734,0.18804316,0.14465985,0.08619139,0.20663747,0.018701958,0.022369746,0.103615776
Dendritic cell - cDC2,N,imu,513,0.0056199958,0.06259089,0.03597195,0.076926425,0.2419759,0.18211082,0.1905921,0.2708966,0.010875719,0.006989733,0.09541494
Enteric glia,F,imu,63,0.012693111,0.28862143,0.06857954,0.05573177,0.12994626,0.10766662,0.094679914,0.15981048,0.11678043,0.00046903428,0.076827966
Enteric glia,H,epi,6,0.02984427,0.24380791,0.10999632,0.11841795,0.11217218,0.094464146,0.0682576,0.15336294,0.16848774,0.0,0.10342143
Enteric glia,H,imu,27,0.010711167,0.23349364,0.020521225,0.070347436,0.15370882,0.14815591,0.21523629,0.18301338,0.18324496,0.0032083753,0.09561313
Enteric glia,I,imu,10,0.0,0.37165475,0.0053010993,0.025450457,0.08768109,0.11556532,0.13943933,0.176208,0.10248907,0.0,0.08018941
Enteric glia,N,imu,80,0.006697821,0.2215099,0.063682675,0.041561715,0.09892202,0.087893784,0.11921787,0.109202966,0.11934452,0.0027786035,0.07671024
Enterocyte-ANPEP-hi,F,epi,3807,0.3455772,0.003889039,0.3631345,0.5179073,0.2335755,0.16532266,0.03757998,0.29013497,0.027700905,0.32524544,0.029331408
Enterocyte-ANPEP-hi,F,imu,1860,0.22011198,0.005588142,0.45690146,0.5902904,0.24911234,0.191391,0.07143955,0.3098298,0.044806052,0.33491528,0.0574539
Enterocyte-ANPEP-hi,H,epi,6415,0.350745,0.0024813921,0.2027851,0.5580656,0.19001772,0.150194,0.017011818,0.33145684,0.025220618,0.2944451,0.039509464
Enterocyte-ANPEP-hi,H,imu,7159,0.35952598,0.0018188234,0.23067153,0.6093866,0.21315475,0.17351319,0.032477267,0.3174549,0.029068064,0.30256915,0.039236736
Enterocyte-ANPEP-hi,N,epi,16615,0.3256692,0.002381405,0.3175707,0.52369404,0.21154237,0.15621126,0.024940522,0.26603046,0.029418739,0.31750014,0.030891905
Enterocyte-ANPEP-hi,N,imu,13191,0.38220522,0.0032937273,0.34549877,0.5894808,0.23406297,0.17351626,0.055236377,0.33815318,0.041810904,0.32150167,0.044725433
Enterocyte-FABP-hi,F,epi,2099,0.38929743,0.0043504713,0.8488807,0.6120369,0.22308435,0.14621536,0.042109277,0.37318143,0.036204733,0.26071107,0.01833193
Enterocyte-FABP-hi,F,imu,182,0.19105612,0.004192359,0.49981543,0.57083106,0.22190683,0.14945975,0.04836966,0.3695227,0.036758583,0.21924381,0.021474829
Enterocyte-FABP-hi,H,epi,5399,0.41044325,0.0012697809,0.27338958,0.5488585,0.18702088,0.12619519,0.01048614,0.3387017,0.027128408,0.22444507,0.012751851
Enterocyte-FABP-hi,H,imu,9223,0.43131876,0.0021391225,0.4967874,0.6363432,0.20964463,0.12554158,0.013044041,0.39139685,0.03109691,0.1967425,0.017071063
Enterocyte-FABP-hi,I,epi,7,0.0,0.0,0.35495308,0.6595659,0.26537222,0.11406229,0.107296415,0.5103778,0.06368902,0.0346593,0.03474239
Enterocyte-FABP-hi,I,imu,1,0.0,0.10665595,0.39845985,0.0,0.22165619,0.31031865,0.0,0.098451644,0.0,0.0,0.0
Enterocyte-FABP-hi,N,epi,2432,0.34464684,0.002030088,0.50001866,0.5161085,0.2303762,0.1462318,0.018178375,0.32785377,0.027713364,0.21859282,0.015898423
Enterocyte-FABP-hi,N,imu,2625,0.43218872,0.0017897103,0.40380767,0.5690797,0.22662133,0.13282838,0.03651729,0.38931462,0.033195663,0.20269626,0.015533458
Enterocyte-mito-hi,F,epi,4690,0.10244754,0.0062411204,0.6696554,0.25594607,0.1970779,0.12661938,0.02542762,0.27130532,0.020487472,0.11718013,0.03295242
Enterocyte-mito-hi,F,imu,6627,0.042962193,0.008719386,0.54019374,0.18035829,0.21372427,0.12987232,0.03549432,0.29470748,0.018368045,0.07274286,0.054626174
Enterocyte-mito-hi,H,epi,2215,0.15612327,0.0028050158,0.26948494,0.26843566,0.1229761,0.08882694,0.012051904,0.25359446,0.022211248,0.12545907,0.047938287
Enterocyte-mito-hi,H,imu,1592,0.10239159,0.0048461435,0.4241677,0.2687448,0.16005172,0.106232084,0.023893181,0.30360013,0.020481184,0.059102755,0.052381452
Enterocyte-mito-hi,I,epi,31,0.0052286773,0.01096416,0.5122169,0.17158024,0.19651541,0.118135065,0.087011084,0.3150163,0.02102558,0.00958436,0.0102646295
Enterocyte-mito-hi,I,imu,406,0.011805336,0.004638859,0.55035836,0.10616353,0.27924243,0.15927316,0.06528688,0.47938162,0.013014025,0.026517564,0.058757294
Enterocyte-mito-hi,N,epi,5867,0.107621364,0.004490698,0.46123675,0.28531793,0.17017514,0.10879928,0.020269489,0.30102834,0.016991362,0.11565498,0.03534639
Enterocyte-mito-hi,N,imu,8230,0.102398716,0.005803375,0.53609526,0.23044083,0.19869721,0.12310968,0.039040893,0.31731203,0.01894167,0.07895963,0.0481496
Enterocytes-COX-hi,F,epi,93,0.24152979,0.0036876055,0.7832655,0.68213016,0.25562882,0.15129784,0.045660347,0.66333985,0.06669562,0.2522949,0.040266313
Enterocytes-COX-hi,F,imu,1,0.13161716,0.027626282,0.46702915,0.47386998,0.2616634,0.16907606,0.07331956,0.3071048,0.015068881,0.21367186,0.07894407
Enterocytes-COX-hi,N,imu,1,0.10944469,0.0,1.4107251,0.55745584,0.36990422,0.36161903,0.027666971,0.6760511,0.08261834,0.12870897,0.048940644
Enterocytes-FTL-hi,H,imu,43,0.6121222,0.0018910496,0.4815924,0.8032881,0.34607875,0.21652158,0.016980687,0.74047637,0.056354918,0.33312523,0.023529751
Enterocytes-FTL-hi2,H,imu,8,0.5725815,0.025409639,0.7298275,0.765746,0.33884308,0.1881722,0.013478128,0.684843,0.060169533,0.31574318,0.036230393
Enterocytes-MT-hi,H,epi,886,0.44432262,0.0012474674,0.92948043,0.57810634,0.258889,0.19126385,0.03156964,0.37654033,0.046479266,0.4225119,0.025904046
Enterocytes-MT-hi,H,imu,3,0.23133779,0.0,0.98281336,0.3458799,0.16931856,0.10908786,0.018586723,0.13010044,0.012239363,0.17685574,0.024689352
Enterocytes-MT-hi,N,epi,1,0.37921157,0.0,1.3312005,0.72565204,0.11134149,0.15587808,0.0,0.35971865,0.0,0.2597968,0.0
Enteroendocrine cells,F,epi,68,0.038318142,0.014508979,0.3725442,0.14710028,0.21493448,0.15053649,0.022850607,0.24533634,0.044649493,0.039480407,0.034650896
Enteroendocrine cells,F,imu,178,0.027627943,0.014712721,0.38495952,0.12470679,0.1708649,0.09703994,0.028751586,0.25635073,0.04292747,0.05173589,0.062271804
Enteroendocrine cells,H,epi,139,0.14977147,0.010433058,0.33497185,0.22531258,0.14834687,0.087918825,0.01910919,0.2617179,0.032564458,0.108314246,0.03441928
Enteroendocrine cells,H,imu,256,0.19382495,0.010754107,0.36708063,0.3389671,0.18123315,0.11590449,0.017934777,0.31641296,0.04181073,0.13290523,0.04428694
Enteroendocrine cells,I,epi,1,0.0,0.0,0.27527225,0.13763613,0.0,0.0,0.15139973,0.0,0.0,0.0,0.0
Enteroendocrine cells,I,imu,5,0.013972944,0.0018106677,0.44594067,0.080209576,0.20371012,0.1161684,0.04864273,0.34443277,0.050532557,0.03542235,0.04919812
Enteroendocrine cells,N,epi,109,0.12535065,0.01732969,0.33273613,0.20139979,0.16468598,0.090926275,0.012203586,0.28597715,0.047662802,0.078549586,0.017411226
Enteroendocrine cells,N,imu,351,0.06103201,0.014611498,0.40150082,0.15189195,0.17184848,0.09962276,0.033487905,0.26310244,0.042805787,0.049370732,0.06183071
Follicular helper T cells,F,epi,532,0.00039637147,0.0066228895,0.008628041,0.031556148,0.17271166,0.09631984,0.055070125,0.18331565,0.0016266609,0.00082446646,0.024780417
Follicular helper T cells,F,imu,1273,0.00052155234,0.007357754,0.014693982,0.02812216,0.14785747,0.09043959,0.046345603,0.17200942,0.0012448261,0.0016027293,0.023724815
Follicular helper T cells,H,epi,20,0.037524372,0.008779464,0.014658267,0.042714052,0.16992849,0.10866133,0.030283947,0.21818885,0.0,0.0,0.037692755
Follicular helper T cells,H,imu,125,0.004903001,0.005425791,0.02126055,0.037424713,0.14695449,0.103445016,0.04269736,0.15984234,0.002811655,0.0025621755,0.036243696
Follicular helper T cells,I,epi,4,0.0,0.0,0.0075801588,0.040353525,0.3345564,0.27000257,0.087849095,0.22670871,0.005080875,0.0,0.03082015
Follicular helper T cells,I,imu,7,0.0,0.012911898,0.019629318,0.040312827,0.20043162,0.112587295,0.07682942,0.22905643,0.010039819,0.0,0.020482201
Follicular helper T cells,N,epi,83,0.0028014877,0.008451357,0.01687088,0.019063737,0.11745163,0.064378284,0.052077137,0.19924633,0.0,0.0,0.015336893
Follicular helper T cells,N,imu,599,0.003794812,0.006478438,0.021285469,0.031361666,0.15130194,0.07948813,0.041464817,0.18512815,0.0011732968,0.002930971,0.024580069
GZMB-hi B cell,F,epi,57,0.0,0.0015429659,0.005237747,0.0655938,0.15360005,0.11979551,0.043779988,0.2933687,0.0022843052,0.0,0.087487414
GZMB-hi B cell,F,imu,221,0.00016156274,0.0043242476,0.027353667,0.06650793,0.13624088,0.11305424,0.054801293,0.25993803,0.0074444804,0.0007506208,0.15079494
GZMB-hi B cell,H,epi,1,0.0,0.0,0.0,0.0,0.13497478,0.09448234,0.0,0.3633936,0.0,0.0,0.15747057
GZMB-hi B cell,H,imu,9,0.0,0.0,0.063041605,0.09272322,0.1656156,0.14324427,0.042898875,0.23823982,0.010065053,0.0,0.16423862
GZMB-hi B cell,I,imu,28,0.006116585,0.0066927746,0.012063717,0.051127825,0.13729617,0.08354392,0.05980275,0.16233422,0.0070321187,0.004767633,0.21030901
GZMB-hi B cell,N,epi,3,0.0,0.0,0.07733668,0.05387598,0.18969184,0.100358956,0.08219107,0.221862,0.0,0.0,0.014064793
GZMB-hi B cell,N,imu,46,0.0049630417,0.0017708888,0.045379706,0.07698506,0.14610548,0.13617149,0.041844595,0.28869173,0.015543985,0.003314773,0.1388865
GZMK-hi CD8 T cells,F,epi,419,0.00047206852,0.003864824,0.011532754,0.03580635,0.17096145,0.108734265,0.047566395,0.19949661,0.0019246977,0.0033083512,0.04256942
GZMK-hi CD8 T cells,F,imu,2503,0.00040655682,0.0063675214,0.013039023,0.024363222,0.14998013,0.101772204,0.05748191,0.17075767,0.0031596536,0.0058837025,0.05901709
GZMK-hi CD8 T cells,H,epi,111,0.019808143,0.0048512057,0.025281636,0.025984332,0.14370203,0.09670026,0.071191795,0.1661108,0.002901621,0.01015098,0.046437882
GZMK-hi CD8 T cells,H,imu,285,0.010847095,0.0037650317,0.049797244,0.025084727,0.16197592,0.11931225,0.071251065,0.16421323,0.005069068,0.007908089,0.049134284
GZMK-hi CD8 T cells,I,epi,7,0.0,0.005043674,0.029939279,0.04531591,0.17175019,0.1484325,0.08257908,0.22976588,0.0055021895,0.021560026,0.07232904
GZMK-hi CD8 T cells,I,imu,370,0.00016379169,0.004392404,0.00960868,0.027621988,0.17116116,0.11731631,0.06278224,0.18684074,0.0034559134,0.002653646,0.052904073
GZMK-hi CD8 T cells,N,epi,27,0.0019942105,0.010458404,0.019342808,0.030765224,0.15744723,0.10591284,0.029401695,0.18500887,0.0,0.0025714834,0.025002575
GZMK-hi CD8 T cells,N,imu,1383,0.0028053431,0.0061722794,0.01932003,0.031332158,0.14805664,0.1045781,0.051832285,0.1474269,0.00347923,0.010141268,0.053927008
Goblet cells,F,epi,2781,0.056945443,0.015675094,1.1149796,0.18171789,0.15740196,0.096699305,0.02084988,0.24752556,0.024836162,0.05525031,0.04523271
Goblet cells,F,imu,3278,0.02798707,0.01858953,1.0924896,0.12606075,0.15164177,0.10086555,0.03407798,0.22592355,0.024799645,0.044131,0.077975735
Goblet cells,H,epi,1265,0.08489131,0.012297625,0.92050093,0.14521216,0.09463333,0.07364065,0.020573396,0.1728474,0.021745946,0.0682861,0.07933983
Goblet cells,H,imu,1813,0.08960441,0.010473631,1.0716597,0.18180178,0.13072829,0.10615323,0.02522506,0.21492068,0.027385192,0.062292337,0.094603315
Goblet cells,I,epi,14,0.010903297,0.039142344,1.3781008,0.15148434,0.2467258,0.11554462,0.03528307,0.35816312,0.031297076,0.004646578,0.046902485
Goblet cells,I,imu,189,0.011366545,0.0092488285,0.9343943,0.117597885,0.21959963,0.14469974,0.0681704,0.3625115,0.023020882,0.024878675,0.11993063
Goblet cells,N,epi,2321,0.067389704,0.010937854,1.0133593,0.15899731,0.113138355,0.079231404,0.01716296,0.19665238,0.022197267,0.058555532,0.05621497
Goblet cells,N,imu,5217,0.05961122,0.013910732,1.0958045,0.15562584,0.15284945,0.10484537,0.043856498,0.24790286,0.02534136,0.04849946,0.077247836
Goblet cells-DEF-hi,F,epi,1,0.059713982,0.049416896,1.9843457,0.3176935,0.28438532,0.10313905,0.030522604,0.443219,0.038980845,0.1262027,0.027368909
Goblet cells-DEF-hi,F,imu,1,0.0,0.27145103,1.1518064,0.12285803,0.136141,0.13514383,0.0,0.103956796,0.0,0.0,0.0
Goblet cells-DEF-hi,N,imu,1,0.44916105,0.087671235,1.1105248,0.39787772,0.35168368,0.2075414,0.09062002,0.50392973,0.023910336,0.16618103,0.043835618
ILCs,F,epi,52,0.00075003237,0.031080462,0.026598454,0.036320116,0.17197965,0.12797302,0.10941168,0.18278685,0.0,0.009506748,0.039524756
ILCs,F,imu,260,0.0013611657,0.029011663,0.03028912,0.045432717,0.1545767,0.13720214,0.1503421,0.18444411,0.0039474657,0.02076968,0.052963067
ILCs,H,epi,12,0.017699853,0.015921831,0.031541567,0.06320391,0.16258432,0.13948877,0.18351571,0.22981565,0.019301428,0.02410309,0.020327609
ILCs,H,imu,81,0.011374851,0.037269156,0.045124196,0.049155768,0.21484521,0.18097378,0.23702523,0.19618961,0.0033123523,0.025178226,0.036404926
ILCs,I,epi,2,0.0,0.05533407,0.04665202,0.053177,0.29203838,0.18823549,0.10773812,0.20973659,0.0,0.0,0.12600073
ILCs,I,imu,12,0.0,0.026793623,0.020170124,0.024186546,0.18132399,0.11979868,0.17177534,0.14745255,0.0,0.0,0.07589056
ILCs,N,epi,3,0.0,0.01893993,0.0,0.04542147,0.14081365,0.058844715,0.18853487,0.24739589,0.0,0.0,0.083272696
ILCs,N,imu,227,0.005507384,0.028472956,0.045523107,0.04491331,0.16151306,0.15677798,0.14268471,0.1599687,0.006146468,0.039191805,0.050903805
Inflammatory fibroblasts,F,epi,8,0.021824442,0.48900625,0.12144789,0.08065608,0.15859196,0.1348946,0.060816586,0.049709007,0.032338392,0.032558464,0.07881601
Inflammatory fibroblasts,F,imu,822,0.010360505,0.93676466,0.031126,0.047026794,0.25694612,0.24569805,0.14743039,0.18430223,0.052448746,0.009716136,0.12659962
Inflammatory fibroblasts,H,epi,8,0.073954105,0.39880028,0.11265668,0.081478305,0.12681597,0.12136401,0.10537119,0.1242878,0.037521347,0.0,0.040604413
Inflammatory fibroblasts,H,imu,197,0.009826942,0.22656734,0.03415202,0.034725036,0.02595427,0.06447216,0.043573618,0.026503338,0.032529198,0.005828968,0.19581637
Inflammatory fibroblasts,I,epi,2,0.0,0.095979854,0.089764826,0.0,0.5895902,0.4633599,0.3956861,0.16070361,0.014940469,0.0,0.0
Inflammatory fibroblasts,I,imu,46,0.010778857,0.504707,0.022226246,0.056569267,0.27003798,0.21417081,0.124577604,0.14056167,0.048833903,0.019620728,0.14463487
Inflammatory fibroblasts,N,epi,3,0.097073995,0.4162515,0.09596229,0.029690178,0.04351638,0.10425842,0.0,0.030953946,0.039395895,0.0,0.0
Inflammatory fibroblasts,N,imu,282,0.015341747,0.28038183,0.05433887,0.044984538,0.0699516,0.10503456,0.07410455,0.042302206,0.044295505,0.007897455,0.111112736
Intraepithelial Tgd,F,epi,695,0.0034412919,0.0076362994,0.03418981,0.0402359,0.23436506,0.12389812,0.03330514,0.19548105,0.0028869403,0.021919167,0.039009213
Intraepithelial Tgd,F,imu,93,0.00026355012,0.009559022,0.04397983,0.03231655,0.20615205,0.12498722,0.051426597,0.18629347,0.002996339,0.025168326,0.031677082
Intraepithelial Tgd,H,epi,400,0.017908823,0.006609687,0.020730965,0.026448848,0.12355199,0.061134595,0.01803242,0.13958374,0.0029360878,0.035640176,0.02527044
Intraepithelial Tgd,H,imu,469,0.019673187,0.0090901675,0.02052547,0.039013058,0.19300403,0.10337695,0.035578705,0.19903141,0.002658968,0.043224275,0.03357045
Intraepithelial Tgd,I,epi,2,0.0,0.0,0.010563418,0.031195322,0.4702839,0.28249368,0.011075333,0.3234213,0.0036097025,0.0,0.032114744
Intraepithelial Tgd,I,imu,9,0.0,0.009373388,0.052316036,0.05169347,0.3109135,0.19737977,0.07943207,0.23784441,0.0,0.04308431,0.056969803
Intraepithelial Tgd,N,epi,698,0.025022067,0.0045001176,0.028190738,0.033913493,0.20123136,0.10202377,0.023818994,0.19357212,0.0029418587,0.031086728,0.031698227
Intraepithelial Tgd,N,imu,226,0.022100462,0.0053206705,0.03255288,0.039232764,0.17950758,0.093674004,0.05604358,0.17271891,0.0018677273,0.020188194,0.041815326
LP-associated NK-Tgd,F,epi,424,0.0019973167,0.007489733,0.013714023,0.03456836,0.18030684,0.120169826,0.08541003,0.18972977,0.0036049008,0.0131998565,0.061562106
LP-associated NK-Tgd,F,imu,1226,0.00055356557,0.007985828,0.013313749,0.03284201,0.17053463,0.12155216,0.118680224,0.1901323,0.0064562713,0.014523928,0.08252786
LP-associated NK-Tgd,H,epi,19,0.009840051,0.0062361173,0.050372045,0.039825678,0.129312,0.090748146,0.06168999,0.20677511,0.008045691,0.036145292,0.08197715
LP-associated NK-Tgd,H,imu,90,0.0101685375,0.0054011224,0.049349632,0.03904719,0.13856606,0.09530417,0.1001617,0.16302107,0.008663623,0.022793062,0.035776056
LP-associated NK-Tgd,I,epi,38,0.0006376029,0.007984017,0.034939267,0.05360465,0.22243536,0.15631227,0.08650776,0.22410722,0.014360974,0.010213103,0.079983234
LP-associated NK-Tgd,I,imu,99,0.0006057898,0.007897676,0.022939693,0.034834012,0.1868064,0.13615909,0.12516129,0.169472,0.007577244,0.025693145,0.08942841
LP-associated NK-Tgd,N,epi,47,0.018418478,0.0060337847,0.052075062,0.037280392,0.18307248,0.09414908,0.06596896,0.17215534,0.0013375878,0.020599121,0.045301966
LP-associated NK-Tgd,N,imu,569,0.0048206053,0.006010022,0.021360354,0.03893159,0.16499513,0.12710257,0.117269576,0.17519371,0.0060099675,0.024322424,0.05890274
Lymphatic endothelium,F,epi,8,0.0020238212,0.14870757,0.18774842,0.12983902,0.18414092,0.16782466,0.07977661,0.20099528,0.095932476,0.0,0.18320599
Lymphatic endothelium,F,imu,167,0.003903788,0.17684959,0.23261145,0.08578603,0.1932383,0.14453606,0.089010276,0.24413882,0.12207665,0.0014871529,0.11052649
Lymphatic endothelium,H,epi,3,0.029408738,0.16329078,0.2466848,0.13758536,0.19146645,0.14635049,0.033383656,0.3359873,0.17552386,0.0,0.13248648
Lymphatic endothelium,H,imu,300,0.0036300246,0.06512787,0.19809563,0.1088516,0.12746102,0.110103644,0.061404087,0.17391834,0.06559523,0.0033357975,0.16365181
Lymphatic endothelium,I,imu,11,0.0039119595,0.13795108,0.1394536,0.08916372,0.21101187,0.12791695,0.12691085,0.18749443,0.114216186,0.0,0.16135241
Lymphatic endothelium,N,epi,6,0.035439905,0.14061789,0.23310448,0.14183566,0.20379895,0.09327671,0.115029015,0.18035161,0.088991724,0.0,0.04813902
Lymphatic endothelium,N,imu,348,0.014687012,0.13377467,0.27618554,0.0949303,0.15833409,0.11826452,0.06673221,0.20484646,0.1114475,0.0029792355,0.11274513
Lyve1 macrophage,F,imu,67,0.005033572,0.037167173,0.030384474,0.080503486,0.14555971,0.14783968,0.51467204,0.18197826,0.028165024,0.0076336237,0.2371707
Lyve1 macrophage,H,epi,5,0.058689564,0.038788415,0.05704572,0.11506392,0.09477042,0.100268625,0.2721724,0.19152693,0.0,0.0,0.13647176
Lyve1 macrophage,H,imu,65,0.003426571,0.05797017,0.024620114,0.11852238,0.090674326,0.122421876,0.4177825,0.12328839,0.043467645,0.0,0.16936514
Lyve1 macrophage,N,epi,2,0.05094482,0.0764465,0.08585616,0.17256543,0.19079393,0.12835093,0.106267735,0.2156991,0.073323466,0.0,0.1035732
Lyve1 macrophage,N,imu,160,0.016700722,0.058269173,0.043809257,0.11156386,0.14543167,0.13507631,0.43943542,0.19882622,0.041899495,0.0067086434,0.18295048
M2-like macrophage,F,epi,1,0.0,0.0,0.0,0.2238977,0.049038608,0.06865405,0.0,0.22047138,0.0,0.0,0.22884683
M2-like macrophage,F,imu,231,0.0062737307,0.043691557,0.07640913,0.092609115,0.16285586,0.15696399,0.374954,0.20916554,0.035002872,0.0108718965,0.22245008
M2-like macrophage,H,epi,244,0.031115027,0.0267367,0.022953315,0.11406633,0.18366542,0.15117362,0.28490922,0.26258224,0.032439314,0.0152501725,0.16949946
M2-like macrophage,H,imu,342,0.016571328,0.035206836,0.022824392,0.10410003,0.1509966,0.1386471,0.4459661,0.1808318,0.023895655,0.015757797,0.19920708
M2-like macrophage,I,imu,9,0.017631326,0.01486767,0.03437055,0.13029188,0.17003442,0.17527474,0.5177171,0.14123596,0.038950063,0.03926192,0.27201596
M2-like macrophage,N,epi,4,0.030111387,0.0,0.02102406,0.18087366,0.15349999,0.09605875,0.14938597,0.18493533,0.050855875,0.040091168,0.12193732
M2-like macrophage,N,imu,1134,0.014460691,0.029368386,0.023799758,0.10814917,0.16067524,0.15632334,0.32921726,0.19710721,0.032145888,0.013380407,0.21131565
M2-like macrophage-A2M-hi,F,imu,365,0.0070159514,0.075523466,0.027737865,0.10681363,0.17774384,0.17232606,0.5172969,0.19114311,0.04362908,0.011290582,0.2838065
M2-like macrophage-A2M-hi,H,epi,1,0.060887415,0.0,0.03919421,0.18185169,0.103377625,0.13856372,0.44947553,0.22496298,0.021693204,0.03977087,0.25385302
M2-like macrophage-A2M-hi,H,imu,1,0.0,0.042543255,0.04641082,0.04641082,0.26265302,0.10210381,0.25638485,0.07854139,0.04641082,0.0,0.21645425
M2-like macrophage-A2M-hi,N,imu,184,0.008502816,0.060814686,0.057903606,0.11782495,0.1789914,0.16916433,0.6960133,0.18502729,0.040110398,0.014798956,0.24622664
Mast cells,F,epi,43,0.0045258887,0.071493894,0.06563292,0.07586876,0.1867507,0.11407505,0.11243282,0.2163374,0.020384824,0.0065622074,0.07098988
Mast cells,F,imu,1403,0.0012647195,0.053960223,0.027707638,0.031747367,0.100516886,0.078662194,0.19024304,0.16934828,0.013516238,0.003122151,0.053528823
Mast cells,H,epi,162,0.021754906,0.022661272,0.080022156,0.041239563,0.09110669,0.06282327,0.1830475,0.17255607,0.007446462,0.008488496,0.023197383
Mast cells,H,imu,418,0.010744555,0.043308847,0.04234974,0.03852775,0.11263424,0.08055999,0.1664581,0.17997049,0.012735579,0.0048162276,0.051152147
Mast cells,I,epi,2,0.0,0.053630896,0.13460383,0.10487365,0.13404988,0.07676954,0.014176251,0.1327139,0.0837748,0.0,0.023627086
Mast cells,I,imu,159,0.0005020938,0.046779703,0.008980244,0.031432096,0.13459076,0.08223178,0.22639048,0.18498163,0.0235852,0.0026267164,0.042537455
Mast cells,N,epi,6,0.06130592,0.057890117,0.3041246,0.09162411,0.08515815,0.040736567,0.03263591,0.23252802,0.0,0.0,0.10878637
Mast cells,N,imu,1620,0.0114123,0.041761477,0.04646266,0.04204408,0.09934132,0.079109006,0.18981493,0.17174378,0.012353398,0.0060092215,0.042187255
Mito-hi endothelium,F,imu,578,0.0019380624,0.10916642,0.012536343,0.046738766,0.14208116,0.2147453,0.15925522,0.082828246,0.01254347,0.0072796354,0.100676246
Mito-hi endothelium,H,epi,2,0.0,0.0,0.079308346,0.079308346,0.062313706,0.0,0.04858588,0.118933246,0.0,0.0,0.08097647
Mito-hi endothelium,H,imu,70,0.0,0.061404828,0.04005924,0.039511252,0.03243977,0.090605184,0.08022841,0.02532487,0.012480246,0.006812203,0.06646057
Mito-hi endothelium,I,imu,150,0.00093303353,0.13327369,0.008047768,0.032843944,0.07873996,0.11253103,0.09108168,0.0372935,0.01115025,0.007731801,0.12681584
Mito-hi endothelium,N,imu,178,0.0049410267,0.07024448,0.017831532,0.042821866,0.08457217,0.17911504,0.14405341,0.027747523,0.0071739447,0.016810304,0.106526464
Monocyte,F,epi,175,0.00429299,0.104236916,0.010340185,0.05183385,0.42427033,0.4019797,0.7857319,0.1353387,0.021302124,0.006281083,0.098515436
Monocyte,F,imu,709,0.002514243,0.11971303,0.012384735,0.042280864,0.36972705,0.38988277,0.87188256,0.1325689,0.017754277,0.003289867,0.12895541
Monocyte,H,imu,1,0.04209535,0.12350464,0.056351233,0.09392139,0.3432101,0.18183406,0.8528375,0.21153599,0.026322752,0.045503344,0.09501439
Monocyte,I,epi,8,0.011482062,0.10250351,0.008143483,0.07913471,0.27690044,0.20415899,0.67581284,0.15511024,0.023309179,0.011868239,0.12809908
Monocyte,I,imu,946,0.00472845,0.14109352,0.0036363136,0.058056943,0.3022664,0.3426931,0.79088366,0.107763276,0.01978768,0.006341632,0.17480882
Monocyte,N,epi,89,0.007989262,0.15043458,0.06809577,0.060181834,0.40243268,0.40126684,0.8249576,0.15716624,0.020484509,0.013609766,0.09231723
Monocyte,N,imu,463,0.0029012393,0.13743143,0.0073856087,0.04343973,0.41295087,0.44647795,0.8288024,0.12894253,0.02387826,0.0034676613,0.12246651
Monocyte-CCL3-4-hi,F,imu,278,0.0034489702,0.15760672,0.0076355035,0.041497074,0.3747086,0.34399223,1.6566222,0.18708988,0.026646728,0.0034349188,0.1392469
Monocyte-CCL3-4-hi,H,imu,5,0.024321074,0.1566962,0.062650576,0.08384613,0.40241116,0.27239802,1.4308358,0.25736865,0.0075124926,0.0,0.11726695
Monocyte-CCL3-4-hi,N,epi,1,0.0,0.024573065,0.02680698,0.0,0.22113052,0.32345217,1.3974771,0.08554354,0.0,0.0,0.0
Monocyte-CCL3-4-hi,N,imu,1,0.0,0.108016,0.0099325385,0.082219794,0.36038294,0.28414765,1.1573193,0.15788075,0.018885966,0.0,0.08598551
Monocyte-FPR1-hi,F,epi,40,0.008583312,0.08713402,0.02528432,0.07763475,0.31975886,0.2587629,0.45416602,0.24714127,0.032834243,0.00075139175,0.089978375
Monocyte-FPR1-hi,F,imu,1182,0.0048323045,0.10901286,0.009308854,0.06572899,0.30389416,0.23753491,0.38611487,0.2760975,0.02940378,0.0023203206,0.09454462
Monocyte-FPR1-hi,H,epi,2,0.0,0.086733006,0.0,0.0,0.11740307,0.06028468,0.0,0.09274566,0.0,0.0,0.0
Monocyte-FPR1-hi,I,imu,7,0.0022924058,0.05030461,0.0022924058,0.043150064,0.3673761,0.17937016,0.35417947,0.29421693,0.007897693,0.0,0.11949122
Monocyte-FPR1-hi,N,epi,2,0.0,0.0,0.10191233,0.0,0.199773,0.36808133,0.34243077,0.0698424,0.0,0.0,0.0
Monocyte-FPR1-hi,N,imu,9,0.04592238,0.060072675,0.05249759,0.020803876,0.188075,0.094938464,0.20106453,0.106528774,0.0,0.0,0.059352413
Monocyte-HSP-hi,F,epi,47,0.0008643276,0.10142334,0.00059620297,0.025721569,0.36458623,0.4785385,0.8344435,0.05670911,0.0172068,0.0015846005,0.1828303
Monocyte-HSP-hi,F,imu,301,0.0036578083,0.099238984,0.006248889,0.044334844,0.30287576,0.326086,0.94568926,0.13973358,0.015111557,0.0045515047,0.15824184
Monocyte-HSP-hi,H,imu,2,0.054941744,0.11519905,0.10593304,0.0,0.13284928,0.17211458,0.53798383,0.11098086,0.054941744,0.0,0.3433115
Monocyte-HSP-hi,I,imu,14,0.0,0.15480256,0.0,0.020541085,0.2301492,0.33385825,0.90749556,0.05563465,0.004162087,0.0,0.3347121
Monocyte-HSP-hi,N,epi,13,0.004315199,0.14122406,0.07724709,0.026855756,0.34718817,0.49253687,0.85033035,0.071130276,0.019852966,0.007911198,0.19483839
Monocyte-HSP-hi,N,imu,74,0.003793519,0.10051178,0.024065558,0.038536515,0.30272776,0.34002817,0.8593698,0.10888779,0.014598674,0.0046818317,0.1878538
Monocyte-IL1B-hi,F,imu,191,0.0046624895,0.05298334,0.027587723,0.07710738,0.19176966,0.16551436,0.4959966,0.19807927,0.027955212,0.006226734,0.15201417
Monocyte-IL1B-hi,H,epi,1,0.0,0.04776966,0.0,0.0,0.07010196,0.032714248,0.5961538,0.13476902,0.029740226,0.0,0.20458682
Monocyte-IL1B-hi,H,imu,98,0.008557417,0.011948567,0.021040307,0.08929243,0.08822722,0.12424488,0.2324822,0.09358173,0.015546628,0.016304173,0.19071569
Monocyte-IL1B-hi,N,imu,509,0.0017962116,0.052494563,0.004974913,0.06704444,0.16621822,0.13364287,0.4925478,0.24528128,0.009683171,0.0036736059,0.08833746
Myofibroblasts,F,epi,1,0.0,0.87697375,0.0,0.0,0.19390377,0.27146527,0.13573264,0.0,0.0,0.0,0.0
Myofibroblasts,F,imu,243,0.0046262206,1.0786198,0.028703343,0.05622085,0.17735815,0.14510041,0.045967475,0.199027,0.045468852,0.0038868284,0.059797447
Myofibroblasts,H,epi,17,0.016176954,1.0149616,0.10175868,0.08190092,0.18362112,0.13475437,0.03551252,0.23510444,0.05791165,0.019325275,0.054149896
Myofibroblasts,H,imu,100,0.005875361,0.7458776,0.017263757,0.045351777,0.16583423,0.12136684,0.058353454,0.19145034,0.045932207,0.0026232612,0.076143384
Myofibroblasts,I,imu,22,0.0014540472,0.9549475,0.025472462,0.0643505,0.15957,0.09828281,0.040487554,0.17817755,0.04212862,0.0,0.063500024
Myofibroblasts,N,epi,1,0.0,0.517395,0.0,0.0,0.0,0.17446528,0.0,0.0,0.0,0.0,0.29077548
Myofibroblasts,N,imu,278,0.005778234,0.9340199,0.024091769,0.0543728,0.16057852,0.11984858,0.030467106,0.15735516,0.037721388,0.0026157142,0.060818467
NAMPThi-Neutrophils,F,epi,191,0.008554883,0.079698175,0.028808823,0.0890429,0.24027744,0.17937693,0.5810588,0.2097412,0.03352473,0.00853048,0.0890875
NAMPThi-Neutrophils,F,imu,919,0.005832381,0.107273415,0.022832887,0.083340816,0.23259178,0.23021042,0.74880713,0.21836807,0.026704555,0.0029637564,0.09520692
NAMPThi-Neutrophils,H,epi,16,0.0218997,0.086955786,0.036569066,0.11719779,0.19606934,0.15797657,0.6903458,0.23184513,0.028903725,0.0122068515,0.04396313
NAMPThi-Neutrophils,H,imu,127,0.019159438,0.102495864,0.053621624,0.09242594,0.23664303,0.18937314,0.8812739,0.22848968,0.037778743,0.007374984,0.11783848
NAMPThi-Neutrophils,I,epi,4,0.0031145443,0.21575013,0.0,0.08032265,0.29492,0.35894722,0.575969,0.18416087,0.0031145443,0.005709998,0.12459668
NAMPThi-Neutrophils,I,imu,117,0.0064270003,0.11148618,0.012445927,0.08148311,0.26165146,0.23823541,0.876794,0.18540546,0.032367017,0.0046122475,0.13515228
NAMPThi-Neutrophils,N,epi,26,0.015618194,0.1690214,0.046297215,0.093307324,0.32375288,0.25746328,0.838101,0.29982832,0.029308654,0.010017927,0.08847466
NAMPThi-Neutrophils,N,imu,469,0.011775489,0.11654358,0.025672078,0.08605492,0.24999677,0.21381144,0.7415789,0.23453796,0.026561324,0.0036422587,0.10079998
Neutrophils,F,epi,200,0.0012530704,0.0138679715,0.037308026,0.023670517,0.115013026,0.22637247,1.2959424,0.04035991,0.015723383,0.004806169,0.040648375
Neutrophils,F,imu,1336,0.0012017249,0.01979478,0.009344183,0.010871496,0.16512804,0.20708023,1.2905064,0.055103634,0.016636252,0.0016098049,0.055447772
Neutrophils,H,imu,8,0.099356644,0.034467626,0.07914674,0.07804064,0.1064888,0.10090758,0.68725485,0.09491731,0.0047219284,0.07007488,0.0373312
Neutrophils,I,epi,139,0.002676647,0.009976652,0.062280025,0.0125692375,0.09617977,0.09053515,1.3484795,0.047786437,0.022374446,0.0,0.027241621
Neutrophils,I,imu,204,0.0008088359,0.008458457,0.006222243,0.0212323,0.094559155,0.12881966,1.3125576,0.028735723,0.019789057,0.00018891146,0.063718736
Neutrophils,N,epi,327,0.0021607075,0.0072214217,0.040141348,0.0034846596,0.060151838,0.22321075,1.5251247,0.0014951128,0.0119621195,0.004258786,0.058759503
Neutrophils,N,imu,1711,0.0014210065,0.009050508,0.011133374,0.0060873902,0.10500448,0.23047005,1.4667257,0.036607314,0.013669094,0.0014202156,0.056747664
PLGC2-hi T cells,F,epi,136,0.0037280023,0.0039671417,0.06308323,0.039476156,0.027103713,0.022895843,0.030036358,0.026220497,0.0005186948,0.008308511,0.035060674
PLGC2-hi T cells,F,imu,205,0.0002299845,0.010528765,0.020230575,0.025937933,0.0789056,0.06743442,0.033808928,0.08836822,0.0013660232,0.007868501,0.031212263
PLGC2-hi T cells,H,epi,86,0.010769728,0.0066240416,0.034260895,0.016100049,0.04331936,0.03516293,0.005451915,0.036225323,0.00293257,0.024054373,0.029774275
PLGC2-hi T cells,H,imu,77,0.027656825,0.003659077,0.036064412,0.021371907,0.06624517,0.064481005,0.020137414,0.04939373,0.00066979486,0.026778184,0.041074105
PLGC2-hi T cells,I,epi,27,0.0,0.003713038,0.026667384,0.01868123,0.13577515,0.10293975,0.089953884,0.12839238,0.004930961,0.030906865,0.05772262
PLGC2-hi T cells,I,imu,9,0.0,0.0,0.0,0.04481204,0.043672428,0.0240741,0.047087993,0.049751025,0.0,0.0,0.09193632
PLGC2-hi T cells,N,epi,383,0.02824833,0.0032826876,0.026842806,0.013070462,0.027641399,0.027643772,0.013703454,0.018672252,0.00018663774,0.018600237,0.037262697
PLGC2-hi T cells,N,imu,173,0.02001672,0.0045051784,0.060025,0.021528494,0.048045803,0.049490955,0.02728895,0.05103335,0.0027740435,0.006069729,0.045724727
Paneth cells,F,epi,78,0.023457682,0.0045344895,1.225214,0.121234514,0.12917325,0.055918295,0.00534571,0.20751758,0.020287817,0.020632546,0.020557357
Paneth cells,F,imu,343,0.008737165,0.0063721905,0.9784958,0.03924428,0.05052279,0.032410294,0.009561121,0.06255102,0.008482206,0.015134465,0.03601845
Paneth cells,H,epi,890,0.08040151,0.0022239916,1.0039437,0.36003014,0.16839702,0.09847653,0.010424204,0.3201764,0.035896122,0.09742222,0.03282638
Paneth cells,H,imu,509,0.029964747,0.003255155,0.9542412,0.09447514,0.065910764,0.046073932,0.010185695,0.10529608,0.014935723,0.03628242,0.038312458
Paneth cells,I,epi,2,0.029118227,0.004008813,1.463886,0.12641017,0.26529047,0.13787347,0.0048105754,0.47155303,0.030149983,0.038327325,0.05758243
Paneth cells,I,imu,2,0.0,0.037215993,1.1562061,0.03650673,0.0759885,0.0,0.0,0.15526454,0.0,0.0,0.0
Paneth cells,N,epi,219,0.22255865,0.0037737838,1.1920704,0.3101718,0.20651977,0.118532546,0.010189531,0.33344653,0.027682215,0.165831,0.02451493
Paneth cells,N,imu,1478,0.025013795,0.0022890219,0.9539671,0.05237799,0.05020498,0.033922777,0.00890166,0.06853097,0.007538018,0.018190458,0.035079774
Pericytes,F,epi,2,0.0,1.262736,0.07129079,0.07129079,0.25382853,0.18123412,0.0,0.21849875,0.0,0.0,0.0
Pericytes,F,imu,386,0.004886159,0.8969382,0.042251743,0.08269457,0.22714894,0.15028003,0.07235662,0.23580612,0.02361352,0.0019211293,0.09686945
Pericytes,H,epi,5,0.041218363,0.48878202,0.1287665,0.1179963,0.19695243,0.14176565,0.051446706,0.29914787,0.027498323,0.0,0.09163438
Pericytes,H,imu,17,0.005122319,0.54291785,0.08215436,0.100313775,0.14268866,0.11947106,0.06748318,0.15267031,0.049089633,0.0,0.12697172
Pericytes,I,imu,11,0.0,0.45430833,0.04749156,0.10725646,0.06927437,0.11459004,0.06818811,0.09918635,0.028746014,0.0,0.16315418
Pericytes,N,epi,1,0.0,1.6513257,0.10988349,0.0,0.21063572,0.17401817,0.17401817,0.27893502,0.10988349,0.0,0.0
Pericytes,N,imu,67,0.005339544,0.47112903,0.08204875,0.09686857,0.1339396,0.10303548,0.09933465,0.17290775,0.033214148,0.0007757433,0.11078999
Plasma cells-IgA,F,epi,289,0.0023878813,0.0042759464,0.048294514,0.030572006,0.053487062,0.035594765,0.021332867,0.09873319,0.0003017475,0.002431711,0.06281167
Plasma cells-IgA,F,imu,9453,0.00070228183,0.012294809,0.019508798,0.022585483,0.04706056,0.028720608,0.05380229,0.104221754,0.0016423645,0.0006545305,0.060520157
Plasma cells-IgA,H,epi,636,0.014153655,0.022662304,0.03053408,0.032231458,0.053026054,0.032788645,0.048498437,0.12166745,0.0023195473,0.002527425,0.04911537
Plasma cells-IgA,H,imu,1671,0.0023364234,0.01789615,0.020089788,0.026026221,0.045997076,0.030396922,0.027166735,0.10334192,0.0018685462,0.0022205152,0.05117812
Plasma cells-IgA,I,epi,9,0.0,0.0,0.022311522,0.04908198,0.10964479,0.109348945,0.08092761,0.1931389,0.0,0.0,0.056430902
Plasma cells-IgA,I,imu,770,0.0002759376,0.0057966206,0.011232991,0.01895304,0.047412243,0.026239349,0.04042279,0.10965937,0.0013503722,0.00055211765,0.054097768
Plasma cells-IgA,N,epi,41,0.010453905,0.0076772003,0.068290815,0.057615634,0.07164347,0.042386856,0.020275032,0.13684773,0.0023553097,0.0069853133,0.053439688
Plasma cells-IgA,N,imu,11278,0.0041231285,0.01155426,0.030003961,0.027123518,0.047481634,0.02827039,0.051101174,0.10735862,0.0016476243,0.0016880095,0.053361226
Plasma cells-IgG,F,epi,594,0.0013315239,0.0043322663,0.03428138,0.032283474,0.09213654,0.056924343,0.019126689,0.16608712,0.0012998952,0.0015712827,0.06367988
Plasma cells-IgG,F,imu,4434,0.00062888506,0.01211473,0.024254493,0.026694965,0.07995055,0.050288722,0.05447247,0.13757393,0.0013979926,0.00083445624,0.07381173
Plasma cells-IgG,H,epi,83,0.02114351,0.017388048,0.04177754,0.037458178,0.06418327,0.0395308,0.031479433,0.12176151,0.0026031164,0.0029577462,0.050950218
Plasma cells-IgG,H,imu,179,0.0035161069,0.01589379,0.016570186,0.01979218,0.061443023,0.036919393,0.030983498,0.10791739,0.0023445662,0.001305956,0.043579556
Plasma cells-IgG,I,epi,12,0.0,0.0010711761,0.036097866,0.043703925,0.14840932,0.07518028,0.038292956,0.20768438,0.0,0.0,0.036422323
Plasma cells-IgG,I,imu,116,0.0,0.0068233744,0.0134230945,0.023792816,0.074414864,0.04653468,0.066795826,0.12866074,0.0016752512,0.00015624844,0.076603465
Plasma cells-IgG,N,epi,20,0.015130487,0.015903613,0.053779848,0.03346412,0.090380505,0.037290778,0.0018846585,0.16993697,0.0036750413,0.021278655,0.03732884
Plasma cells-IgG,N,imu,1027,0.006699715,0.01178259,0.04140114,0.0323786,0.07290567,0.03919259,0.042607505,0.13966261,0.0016260977,0.001973022,0.054725256
Regulatory T cells,F,epi,645,0.00070005737,0.011579107,0.0130937705,0.038536496,0.18370676,0.112148695,0.05610503,0.17265627,0.0025281606,0.000860087,0.043844473
Regulatory T cells,F,imu,3078,0.0009148052,0.012424169,0.017735448,0.031307045,0.18954436,0.12084049,0.06709602,0.18956643,0.0018846067,0.001522608,0.04414477
Regulatory T cells,H,epi,31,0.036078077,0.011118531,0.027836943,0.03874403,0.17926298,0.11726495,0.053486142,0.2052177,0.008583037,0.0023102567,0.033101305
Regulatory T cells,H,imu,192,0.004024401,0.005597007,0.025379397,0.03311249,0.15470678,0.1072984,0.067312874,0.16035147,0.0029196243,0.0020397159,0.036944326
Regulatory T cells,I,epi,67,0.0,0.01827834,0.04170703,0.051090583,0.19378757,0.11949023,0.087304525,0.14642252,0.0024444237,0.0,0.08851854
Regulatory T cells,I,imu,475,0.0015161203,0.009982385,0.007849443,0.030454192,0.17630583,0.11249074,0.07959142,0.17993356,0.0027842259,0.0008506312,0.04248919
Regulatory T cells,N,epi,51,0.00078993157,0.010070559,0.049224723,0.04154183,0.20659533,0.13184956,0.04768847,0.20591019,0.005132849,0.0014482079,0.040936876
Regulatory T cells,N,imu,1181,0.0054763914,0.010053231,0.029233575,0.035124075,0.15553753,0.098262966,0.055772502,0.17002887,0.0026558023,0.0037165463,0.038473085
Ribo-hi subset,H,imu,1698,0.0040832455,0.0034026,0.04540423,0.0001619361,0.024846159,0.022157716,0.049861625,0.5832906,0.0038096765,0.033082485,0.0014562054
Ribo-hi subset,N,epi,4315,0.13536969,0.0034388572,0.066567205,3.076684e-05,0.037329867,0.010067084,0.02343504,0.5474698,3.9277078e-05,0.00011095455,0.028098177
SIP syncytium fibroblast,F,imu,34,0.0056075663,0.5068013,0.028254814,0.05869456,0.16799843,0.1187636,0.15385973,0.1920214,0.06287656,0.0032834848,0.067476615
SIP syncytium fibroblast,H,imu,12,0.0,0.5114754,0.0,0.046922404,0.17219412,0.07858882,0.08295999,0.24230838,0.10810395,0.0,0.056818802
SIP syncytium fibroblast,N,imu,28,0.01007966,0.61831236,0.034424223,0.053936522,0.17313638,0.11356161,0.14893258,0.208397,0.08405944,0.0037895378,0.105630405
Stem-like cells-OLFM4-hi,F,epi,1341,0.087136164,0.007777554,0.9851279,0.27776912,0.30164263,0.16881274,0.015418491,0.518684,0.04573785,0.083634906,0.031062974
Stem-like cells-OLFM4-hi,F,imu,5174,0.05522262,0.009042527,0.82220787,0.24249947,0.3088264,0.19202612,0.036456596,0.4456577,0.044228956,0.085415125,0.057796624
Stem-like cells-OLFM4-hi,H,epi,2317,0.10905765,0.0028372298,0.71271884,0.32131526,0.2430083,0.14391679,0.02711709,0.48084554,0.04510063,0.1029078,0.04133406
Stem-like cells-OLFM4-hi,H,imu,2324,0.09696964,0.00411348,0.7814094,0.30746108,0.2718256,0.18166055,0.041060753,0.4596346,0.044405382,0.10988084,0.054702163
Stem-like cells-OLFM4-hi,I,epi,25,0.02567889,0.019306151,0.8762436,0.17716236,0.36291972,0.22878832,0.021416092,0.5182696,0.05202374,0.058150355,0.04362242
Stem-like cells-OLFM4-hi,I,imu,68,0.027995966,0.022658471,0.7846975,0.17583047,0.36167786,0.20779665,0.04140926,0.41942585,0.043589093,0.06474732,0.08454764
Stem-like cells-OLFM4-hi,N,epi,1702,0.13713568,0.0036421542,0.8904499,0.32428083,0.26748246,0.14905031,0.016678369,0.4899431,0.04387934,0.1050242,0.030998433
Stem-like cells-OLFM4-hi,N,imu,8429,0.099394694,0.0049521876,0.84790117,0.28969103,0.27344903,0.16365078,0.039429136,0.4618363,0.044058625,0.09324559,0.048023704
Telocyte,F,epi,1,0.0,0.97592187,0.0,0.092183925,0.47370553,0.25210604,0.10140232,0.27192953,0.092183925,0.0,0.16900387
Telocyte,F,imu,542,0.0074250028,0.999147,0.0372295,0.05802946,0.22603716,0.18224013,0.07796883,0.22903638,0.07097194,0.011692433,0.095122926
Telocyte,H,epi,22,0.05245397,0.9955962,0.11797231,0.08397512,0.15196195,0.14941436,0.027320467,0.21373662,0.084724694,0.006872401,0.089184515
Telocyte,H,imu,71,0.0050159674,0.7939219,0.03392596,0.05385409,0.12816025,0.11351391,0.070937745,0.15781556,0.047326546,0.0012062218,0.09669238
Telocyte,I,imu,47,0.0044752215,0.86701024,0.031010805,0.047385857,0.19638628,0.14737265,0.09531249,0.19861467,0.057352357,0.008278353,0.09277215
Telocyte,N,imu,457,0.0071058194,1.0168792,0.029308261,0.055875827,0.18097247,0.14843348,0.063730605,0.19837646,0.06650655,0.005694364,0.07685102
Tissue fibroblast,F,epi,3,0.029697321,0.3085117,0.2559073,0.06896064,0.26095086,0.11862204,0.009600368,0.36663795,0.043708384,0.0,0.016000615
Tissue fibroblast,F,imu,571,0.0072353124,0.6341463,0.018338872,0.048573915,0.14688319,0.12727122,0.120744124,0.19590154,0.056958843,0.0028261745,0.07133095
Tissue fibroblast,H,epi,36,0.040756166,0.71017164,0.03493804,0.036354717,0.17189904,0.14682764,0.03516455,0.23906305,0.05323808,0.00993226,0.0326851
Tissue fibroblast,H,imu,401,0.004734967,0.730205,0.014360453,0.05272596,0.13613488,0.1362372,0.08657538,0.17103626,0.044229846,0.0025389965,0.07275546
Tissue fibroblast,I,imu,2,0.0,0.87266004,0.023072481,0.023072481,0.20533189,0.08992556,0.22505434,0.19196753,0.046144962,0.0,0.27028322
Tissue fibroblast,N,epi,13,0.037224717,0.6368838,0.12171899,0.083997205,0.14965668,0.117714055,0.06647498,0.19085704,0.062479623,0.0,0.023903966
Tissue fibroblast,N,imu,856,0.015618918,0.7121118,0.04515087,0.055257425,0.17850098,0.14854394,0.09111497,0.20985422,0.05974047,0.001921854,0.048266392
Tissue macrophage,F,epi,175,0.016617436,0.04370191,0.13667388,0.065485395,0.22867319,0.15463032,0.21534145,0.2366051,0.011653542,0.005594166,0.045244914
Tissue macrophage,F,imu,718,0.002542175,0.044961054,0.058951482,0.053749394,0.20853248,0.12872827,0.19272344,0.22856799,0.015294805,0.0026767403,0.06679409
Tissue macrophage,H,epi,72,0.045364022,0.025613299,0.058531232,0.088293225,0.14338857,0.07259412,0.049284335,0.23156397,0.009397523,0.00407316,0.03360928
Tissue macrophage,H,imu,226,0.008817587,0.040538043,0.045948006,0.06283696,0.14411382,0.0985508,0.17376967,0.172478,0.011227737,0.007832162,0.08030701
Tissue macrophage,I,epi,39,0.009572518,0.060826693,0.042307112,0.06734606,0.25728658,0.13751312,0.18969277,0.26504096,0.013702157,0.0070718983,0.05613368
Tissue macrophage,I,imu,50,0.0071629193,0.035719387,0.018288951,0.058292117,0.23650067,0.17430018,0.1628728,0.2095121,0.019476017,0.0053322935,0.07893379
Tissue macrophage,N,epi,113,0.046852183,0.04661316,0.1012937,0.09065454,0.18277945,0.10609125,0.13659559,0.22466359,0.01750008,0.008468999,0.04162183
Tissue macrophage,N,imu,819,0.015223793,0.042485703,0.060886823,0.06021411,0.18387647,0.111983724,0.18242641,0.22724898,0.012881573,0.0055018137,0.06538128
Tissue macrophage-KRT-hi,F,epi,23,0.10904028,0.032327846,0.57115203,0.26590854,0.22462669,0.106331185,0.17993508,0.31665084,0.018364249,0.036160864,0.040282637
Tissue macrophage-KRT-hi,F,imu,29,0.053573146,0.046436463,0.4669977,0.16393928,0.25697297,0.15643863,0.21571591,0.35706976,0.032214213,0.04973468,0.09946179
Tissue macrophage-KRT-hi,H,epi,32,0.26942864,0.0070608817,0.13739365,0.29944178,0.11362431,0.07309648,0.027592994,0.20994388,0.023309737,0.10780877,0.03505032
Tissue macrophage-KRT-hi,H,imu,31,0.27695698,0.027125532,0.40919778,0.4528789,0.21307766,0.15067475,0.16743907,0.3120598,0.018631894,0.10086115,0.065940805
Tissue macrophage-KRT-hi,I,epi,1,0.0,0.0,0.0,0.0,0.4569077,0.0,0.34830043,0.0,0.13244106,0.0,0.0
Tissue macrophage-KRT-hi,I,imu,4,0.030244455,0.055144466,0.06822414,0.11568636,0.26805997,0.20545134,0.4248632,0.27787194,0.026993994,0.04817452,0.15013891
Tissue macrophage-KRT-hi,N,epi,15,0.13530818,0.018352397,0.20333645,0.2211855,0.22915545,0.12468084,0.123524055,0.3544788,0.019630173,0.06443568,0.085015565
Tissue macrophage-KRT-hi,N,imu,123,0.18453652,0.043151345,0.4387587,0.2617079,0.21849635,0.14586736,0.18464811,0.27554137,0.02714093,0.08656642,0.08502875
Trophocyte,F,epi,1,0.027402619,0.9470046,0.09289846,0.14770369,0.2282002,0.29635006,0.1712605,0.18010026,0.120301075,0.0,0.19664577
Trophocyte,F,imu,616,0.009099082,0.9887984,0.04197468,0.056831144,0.19528514,0.16290608,0.13567144,0.23275286,0.105173595,0.0043807724,0.09133994
Trophocyte,H,epi,110,0.041365303,0.6532609,0.0833105,0.07205631,0.15110187,0.10143478,0.107825436,0.23002201,0.1241623,0.0045901914,0.06463404
Trophocyte,H,imu,401,0.011478519,0.59091073,0.023443138,0.050399568,0.16607888,0.15366125,0.18938805,0.20514035,0.12574448,0.0046495493,0.10940138
Trophocyte,I,imu,56,0.0029934184,0.84354204,0.018680746,0.047392935,0.21417081,0.1570762,0.21231253,0.210369,0.1080778,0.0,0.10291399
Trophocyte,N,imu,1809,0.012206855,0.7400733,0.022220133,0.05078035,0.15340604,0.1195271,0.12726684,0.1937962,0.1165143,0.002788918,0.11193849
Trophocyte-TGFBI hi,F,imu,540,0.0068293056,1.0304651,0.003971943,0.06639485,0.21625555,0.16002643,0.09271035,0.21268691,0.07923404,0.0022382627,0.08670188
Trophocyte-TGFBI hi,H,imu,2,0.033391874,0.87692,0.037562855,0.123746075,0.20416486,0.18450496,0.060159646,0.20561957,0.0656205,0.0,0.15139404
Trophocyte-TGFBI hi,I,imu,15,0.0019926706,0.85733414,0.014018557,0.07418638,0.18615739,0.14256924,0.14387673,0.19314143,0.124112,0.0,0.11622686
Trophocyte-TGFBI hi,N,imu,297,0.008570071,1.0488024,0.014630809,0.07019024,0.24252455,0.17640434,0.098085195,0.21322659,0.075325914,0.0016827378,0.07449159
Tuft cells,F,epi,69,0.03983739,0.012325193,0.5452049,0.09360546,0.13639295,0.070406616,0.022972621,0.18372698,0.040812477,0.034104362,0.034552928
Tuft cells,F,imu,121,0.019977937,0.012317103,0.38782007,0.078078605,0.0872911,0.077496946,0.02245348,0.1425306,0.02054827,0.03088666,0.045702897
Tuft cells,H,epi,268,0.04636282,0.0144513445,0.4145999,0.14709646,0.13491109,0.093671925,0.012810576,0.20024511,0.037766203,0.058961164,0.050379746
Tuft cells,H,imu,481,0.031387288,0.008774477,0.43955302,0.09490307,0.1117783,0.091106765,0.014800931,0.13801686,0.029200014,0.04217137,0.068385504
Tuft cells,I,imu,7,0.013056451,0.02491351,0.30394688,0.0141219245,0.055826448,0.049077455,0.0083073685,0.088161685,0.018623814,0.023936829,0.0
Tuft cells,N,epi,160,0.0741881,0.008999643,0.4890522,0.16414453,0.15372442,0.09613527,0.013727774,0.2220721,0.056672405,0.062217146,0.037997533
Tuft cells,N,imu,377,0.06446895,0.010874793,0.41370112,0.093795545,0.11070545,0.08187661,0.022242814,0.14534697,0.029496491,0.04854082,0.043709632
Venous endothelium,F,epi,1,0.0,0.10954544,0.0,0.11950412,0.36010724,0.26290905,0.0,0.3878078,0.0,0.0,0.0
Venous endothelium,F,imu,698,0.0037415985,0.12943332,0.032906014,0.08425824,0.20735916,0.1854122,0.07784798,0.20848233,0.028310388,0.016763967,0.07438199
Venous endothelium,H,epi,31,0.06347023,0.060627393,0.0832663,0.19935843,0.21486391,0.16923627,0.05012918,0.25867766,0.059240773,0.03302767,0.049005803
Venous endothelium,H,imu,211,0.005602006,0.07949541,0.03308285,0.113322675,0.17673038,0.1866849,0.12246781,0.17545159,0.034840863,0.021322567,0.072472274
Venous endothelium,I,imu,68,0.0062771104,0.121921346,0.024961293,0.09606463,0.20601578,0.1910098,0.083772235,0.18534525,0.031569567,0.017635306,0.093368135
Venous endothelium,N,imu,364,0.0122766085,0.07856572,0.061666626,0.12749206,0.16032578,0.14744623,0.09123879,0.18468046,0.037043557,0.018333375,0.06359419
